sira,seri,klasor,gorsel_sayisi
1,site-tanitimi,001-arac-bulucu,1
2,kunye,001-renault-clio-mk4,1
3,kunye,002-fiat-egea-mk1,1
4,kronik-arizalar,001-renault-clio-mk4,10
5,kunye,003-volkswagen-golf-mk7,1
6,bakim-takvimi,001-fiat-egea-mk1,1
7,kritik-arizalar,001-renault-clio-mk4-tce-1-2-yag-tuketimi,1
8,kunye,004-toyota-corolla-e120,1
9,kunye,005-peugeot-3008-p84,1
10,kunye,006-ford-focus-mk3,1
11,kronik-arizalar,002-fiat-egea-mk1,10
12,kunye,007-hyundai-i20-pb,1
13,rehber,001-ikinci-el-arac-alirken,8
14,kunye,008-citroen-c-elysee-mk1,1
15,kunye,009-opel-astra-j,1
16,bakim-takvimi,002-volkswagen-golf-mk7,1
17,kunye,010-togg-t10x-mk1,1
18,kritik-arizalar,002-fiat-doblo-gen1-triger-kayisi-erken-kopmasi,1
19,kronik-arizalar,003-volkswagen-golf-mk7,10
20,kunye,011-skoda-octavia-mk4,1
21,markalar,001-renault,1
22,kunye,012-mercedes-benz-c-serisi-w203,1
23,kunye,013-kia-sportage-sl,1
24,listeler,001-en-az-yakan-suv,1
25,kunye,014-chery-tiggo-7-pro-mk1,1
26,kunye,015-nissan-qashqai-j11,1
27,kronik-arizalar,004-toyota-corolla-e120,10
28,kunye,016-bmw-3-serisi-f30,1
29,bakim-takvimi,003-toyota-corolla-e120,1
30,kritik-arizalar,003-volkswagen-golf-mk5-kol-yatagi-1-9-tdi,1
31,kunye,017-kg-mobility-rexton-mk1,1
32,kunye,018-volvo-xc60-spa,1
33,site-tanitimi,002-kronik-arizalar,1
34,kunye,019-audi-a3-8y,1
35,kronik-arizalar,005-peugeot-3008-p84,10
36,kunye,020-omoda-omoda-5-mk1,1
37,kunye,021-jaecoo-jaecoo-7-mk1,1
38,bakim-takvimi,004-hyundai-i20-pb,1
39,kunye,022-dacia-duster-mk2,1
40,kritik-arizalar,004-toyota-yaris-xp210-hibrit-sistem-arizasi-ready-olmamasi,1
41,kunye,023-byd-atto-3-mk1,1
42,kronik-arizalar,006-ford-focus-mk3,10
43,kunye,024-jeep-compass-mp,1
44,kunye,025-honda-civic-fb,1
45,rehber,002-otomatik-sanziman-turleri,8
46,kunye,026-cupra-formentor-mk1,1
47,kunye,027-tesla-model-y-mk1,1
48,kronik-arizalar,007-hyundai-i20-pb,10
49,bakim-takvimi,005-skoda-octavia-mk4,1
50,kunye,028-mini-cooper-f66,1
51,kunye,029-suzuki-vitara-ly,1
52,kritik-arizalar,005-peugeot-3008-p84-puretech-triger-kayisi,1
53,kunye,030-seat-leon-mk3,1
54,kunye,031-iveco-daily-mk1,1
55,kronik-arizalar,008-citroen-c-elysee-mk1,10
56,kunye,032-mg-zs-mk1,1
57,markalar,002-fiat,1
58,kunye,033-land-rover-defender-l663,1
59,kunye,034-isuzu-d-max-mk1,1
60,bakim-takvimi,006-kia-sportage-sl,1
61,kunye,035-porsche-cayenne-9ya,1
62,kritik-arizalar,006-ford-focus-mk3-ecoboost-sogutma-hortumu-hararet,1
63,kronik-arizalar,009-opel-astra-j,10
64,kunye,036-alfa-romeo-giulia-tipo952,1
65,site-tanitimi,003-kasa-kodu-arama,1
66,kunye,037-ds-automobiles-ds3-d34,1
67,kunye,038-lexus-is-xe40,1
68,kunye,039-subaru-outback-bt,1
69,kunye,040-maxus-deliver-9-mk1,1
70,kronik-arizalar,010-skoda-octavia-mk4,10
71,bakim-takvimi,007-nissan-qashqai-j12,1
72,listeler,002-en-az-yakan-hatchback,1
73,kunye,041-forthing-t5-evo-mk1,1
74,kritik-arizalar,007-hyundai-tucson-nx4-1-6-crdi-kasnak-gergi-motor-hasari,1
75,kunye,042-swm-g01-mk1,1
76,kunye,043-skywell-et5-mk1,1
77,kunye,044-dfsk-e5-mk1,1
78,rehber,003-yakit-tuketimi-neden-tutmuyor,8
79,kronik-arizalar,011-mercedes-benz-c-serisi-w203,10
80,kunye,045-tofas-sahin-mk1,1
81,kunye,046-renault-clio-mk2,1
82,bakim-takvimi,008-audi-a3-8y,1
83,kunye,047-fiat-linea-mk1,1
84,kunye,048-volkswagen-golf-mk5,1
85,kritik-arizalar,008-citroen-c-elysee-mk1-bluehdi-eksantrik-zinciri-uzamasi,1
86,kronik-arizalar,012-kia-sportage-sl,10
87,kunye,049-toyota-corolla-e210,1
88,kunye,050-peugeot-3008-p64,1
89,kunye,051-ford-focus-mk4,1
90,kunye,052-hyundai-i20-bc3,1
91,bakim-takvimi,009-byd-atto-3-mk1,1
92,kronik-arizalar,013-chery-tiggo-7-pro-mk1,10
93,kunye,053-citroen-c3-cc21,1
94,markalar,003-volkswagen,1
95,kunye,054-opel-astra-h,1
96,kritik-arizalar,009-opel-astra-l-puretech-triger-kayisi,1
97,site-tanitimi,004-maliyet-hesaplayici,1
98,kunye,055-togg-t10f-mk1,1
99,kunye,056-skoda-octavia-mk3,1
100,kronik-arizalar,014-nissan-qashqai-j11,10
101,kunye,057-mercedes-benz-c-serisi-w205,1
102,kunye,058-kia-sportage-nq5,1
103,bakim-takvimi,010-honda-civic-fc,1
104,kunye,059-chery-tiggo-8-pro-mk1,1
105,kunye,060-nissan-qashqai-j12,1
106,kritik-arizalar,010-skoda-superb-b6-zincir-gergisi-tfsi-ea888,1
107,kunye,061-bmw-3-serisi-e36,1
108,kronik-arizalar,015-bmw-3-serisi-f30,10
109,kunye,062-kg-mobility-korando-mk1,1
110,rehber,004-yillik-arac-masrafi,8
111,kunye,063-volvo-xc40-cma,1
112,kunye,064-audi-a3-8p,1
113,bakim-takvimi,011-cupra-formentor-mk1,1
114,kunye,065-dacia-duster-mk1,1
115,kronik-arizalar,016-volvo-xc60-spa,10
116,kunye,066-byd-seal-mk1,1
117,kunye,067-jeep-renegade-bu,1
118,kritik-arizalar,011-kia-sportage-nq5-1-6-crdi-kasnak-gergi-motor-hasari,1
119,listeler,003-en-az-yakan-sedan,1
120,kunye,068-honda-civic-fe,1
121,kunye,069-cupra-leon-mk1,1
122,kronik-arizalar,017-audi-a3-8y,11
123,kunye,070-tesla-model-3-mk1,1
124,bakim-takvimi,012-tesla-model-y-mk1,1
125,kunye,071-mini-countryman-u25,1
126,kunye,072-suzuki-vitara-et,1
127,kunye,073-seat-leon-mk4,1
128,kronik-arizalar,018-dacia-duster-mk2,10
129,kritik-arizalar,012-chery-tiggo-7-pro-mk1-zamanlama-zinciri-sesi-ve-zincir-arizasi,1
130,kunye,074-mg-hs-mk1,1
131,markalar,004-toyota,1
132,kunye,075-land-rover-discovery-mk5,1
133,kunye,076-porsche-macan-95b,1
134,bakim-takvimi,013-seat-leon-mk3,1
135,kunye,077-alfa-romeo-stelvio-tipo949,1
136,kronik-arizalar,019-jeep-compass-mp,10
137,kunye,078-ds-automobiles-ds4-d41,1
138,kunye,079-lexus-es-xz10,1
139,kunye,080-subaru-forester-sk,1
140,kritik-arizalar,013-nissan-qashqai-j11-tce-1-2-yag-tuketimi,1
141,kunye,081-maxus-edeliver-3-mk1,1
142,kronik-arizalar,020-honda-civic-fb,10
143,kunye,082-dfsk-fengon-500-mk1,1
144,bakim-takvimi,014-fiat-linea-mk1,1
145,kunye,083-tofas-dogan-mk1,1
146,kunye,084-renault-clio-mk5,1
147,kunye,085-fiat-doblo-gen1,1
148,kunye,086-volkswagen-golf-mk6,1
149,kronik-arizalar,021-tesla-model-y-mk1,10
150,kritik-arizalar,014-bmw-3-serisi-f30-n47-zamanlama-zinciri,1
151,kunye,087-toyota-corolla-e140,1
152,kunye,088-peugeot-3008-t84,1
153,kunye,089-ford-focus-mk2,1
154,bakim-takvimi,015-volkswagen-golf-mk5,1
155,kunye,090-hyundai-i20-gb,1
156,kronik-arizalar,022-suzuki-vitara-ly,9
157,kunye,091-citroen-c3-sx,1
158,kunye,092-opel-astra-l,1
159,kritik-arizalar,015-audi-a3-8y-35-tfsi-kompresyon-kaybi,1
160,kunye,093-skoda-octavia-mk2,1
161,kunye,094-mercedes-benz-c-serisi-w204,1
162,listeler,004-en-az-yakan-ticari,1
163,kronik-arizalar,023-seat-leon-mk3,10
164,kunye,095-kia-sportage-ql,1
165,bakim-takvimi,016-toyota-corolla-e210,1
166,kunye,096-nissan-qashqai-j10,1
167,markalar,005-peugeot,1
168,kunye,097-bmw-3-serisi-e46,1
169,kunye,098-kg-mobility-tivoli-mk1,1
170,kronik-arizalar,024-mg-zs-mk1,8
171,kunye,099-volvo-xc60-p3,1
172,kritik-arizalar,016-dacia-duster-mk1-dci-krank-kol-yatagi,1
173,kunye,100-audi-a3-8v,1
174,kunye,101-dacia-duster-mk3,1
175,bakim-takvimi,017-hyundai-i20-bc3,1
176,kunye,102-byd-seal-u-mk1,1
177,kronik-arizalar,025-renault-clio-mk2,10
178,kunye,103-jeep-compass-mk,1
179,kunye,104-honda-civic-fc,1
180,kunye,105-cupra-born-mk1,1
181,kritik-arizalar,017-jeep-renegade-bu-ddct-hidrolik-unite-kacagi,1
182,kunye,106-mini-cabrio-f57,1
183,kronik-arizalar,026-fiat-linea-mk1,9
184,kunye,107-suzuki-ignis-mf,1
185,bakim-takvimi,018-skoda-octavia-mk3,1
186,kunye,108-seat-leon-mk2,1
187,kunye,109-mg-mg4-mk1,1
188,kunye,110-land-rover-discovery-sport-l550,1
189,kunye,111-porsche-911-992,1
190,kronik-arizalar,027-volkswagen-golf-mk5,10
191,kritik-arizalar,018-seat-ibiza-mk4-zincir-gergisi-tsi-ea111,1
192,kunye,112-alfa-romeo-tonale-mk1,1
193,kunye,113-ds-automobiles-ds7-mk1,1
194,bakim-takvimi,019-kia-sportage-nq5,1
195,kunye,114-lexus-ls-f50,1
196,kunye,115-subaru-brz-zd8,1
197,kronik-arizalar,028-toyota-corolla-e210,9
198,kunye,116-tofas-kartal-mk1,1
199,kunye,117-renault-clio-mk3,1
200,markalar,006-ford,1
201,kunye,118-fiat-doblo-gen3,1
202,kritik-arizalar,019-porsche-cayenne-955-cayenne-955-sogutma-borusu,1
203,kunye,119-volkswagen-golf-mk8,1
204,kronik-arizalar,029-peugeot-3008-p64,8
205,bakim-takvimi,020-nissan-juke-f16,1
206,kunye,120-toyota-corolla-e170,1
207,listeler,005-en-az-yakan-station,1
208,kunye,121-peugeot-2008-a94,1
209,kunye,122-ford-focus-mk1,1
210,kunye,123-hyundai-accent-rb,1
211,kronik-arizalar,030-ford-focus-mk4,10
212,kunye,124-citroen-c3-sc,1
213,kritik-arizalar,020-renault-clio-mk2-dci-krank-kol-yatagi,1
214,kunye,125-opel-astra-g,1
215,bakim-takvimi,021-audi-a3-8p,1
216,kunye,126-skoda-superb-b8,1
217,kunye,127-mercedes-benz-c-serisi-w206,1
218,kronik-arizalar,031-hyundai-i20-bc3,10
219,kunye,128-kia-sportage-je,1
220,kunye,129-nissan-micra-k14,1
221,kunye,130-bmw-3-serisi-g20,1
222,kritik-arizalar,021-fiat-palio-gen1-triger-kayisi-erken-kopmasi,1
223,kunye,131-kg-mobility-torres-mk1,1
224,bakim-takvimi,022-byd-seal-u-mk1,1
225,kronik-arizalar,032-citroen-c3-cc21,10
226,kunye,132-volvo-s60-spa,1
227,kunye,133-audi-a4-b8,1
228,kunye,134-dacia-sandero-mk1,1
229,kunye,135-byd-dolphin-mk1,1
230,kunye,136-jeep-grand-cherokee-wl,1
231,kronik-arizalar,033-opel-astra-h,10
232,kunye,137-honda-civic-fd,1
233,kritik-arizalar,022-volkswagen-golf-mk6-zincir-gergisi-1-4-tsi,1
234,bakim-takvimi,023-cupra-leon-mk1,1
235,kunye,138-cupra-terramar-mk1,1
236,markalar,007-hyundai,1
237,kunye,139-mini-cooper-f56,1
238,kunye,140-suzuki-s-cross-jyb,1
239,kronik-arizalar,034-skoda-octavia-mk3,10
240,kunye,141-seat-ibiza-mk4,1
241,kunye,142-mg-mg3-mk1,1
242,kunye,143-land-rover-range-rover-l460,1
243,kritik-arizalar,023-peugeot-2008-a94-puretech-triger-kayisi,1
244,kunye,144-porsche-panamera-972,1
245,bakim-takvimi,024-tesla-model-3-mk1,1
246,kronik-arizalar,035-mercedes-benz-c-serisi-w205,10
247,kunye,145-alfa-romeo-giulietta-tipo940,1
248,kunye,146-ds-automobiles-ds9-mk1,1
249,kunye,147-lexus-ux-mzah,1
250,listeler,006-en-az-yakan-mpv,1
251,kunye,148-subaru-impreza-gk,1
252,kronik-arizalar,036-kia-sportage-nq5,10
253,kunye,149-tofas-serce-mk1,1
254,kritik-arizalar,024-ford-focus-mk3-ecoboost-yag-icinde-triger-kayisi,1
255,kunye,150-renault-clio-mk6,1
256,bakim-takvimi,025-seat-leon-mk4,1
257,kunye,151-fiat-doblo-gen2,1
258,kunye,152-volkswagen-golf-mk4,1
259,kronik-arizalar,037-chery-tiggo-8-pro-mk1,10
260,kunye,153-toyota-corolla-e110,1
261,kunye,154-peugeot-2008-p24,1
262,kunye,155-ford-fiesta-mk6,1
263,kunye,156-hyundai-accent-mc,1
264,bakim-takvimi,026-fiat-ducato-gen3,1
265,kritik-arizalar,025-hyundai-tucson-lm-crdi-zamanlama-zinciri-gergisi,1
266,kunye,157-citroen-c3-fc,1
267,kronik-arizalar,038-nissan-qashqai-j12,10
268,kunye,158-opel-astra-k,1
269,kunye,159-skoda-superb-b6,1
270,markalar,008-citroen,1
271,kunye,160-mercedes-benz-c-serisi-w202,1
272,kunye,161-kia-sportage-nb,1
273,kronik-arizalar,039-bmw-3-serisi-e36,10
274,kunye,162-nissan-juke-f15,1
275,bakim-takvimi,027-volkswagen-golf-mk6,1
276,kritik-arizalar,026-citroen-c-elysee-mk1-puretech-triger-kayisi,1
277,kunye,163-bmw-3-serisi-e90,1
278,kunye,164-kg-mobility-musso-mk1,1
279,kunye,165-volvo-s90-spa,1
280,kronik-arizalar,040-volvo-xc40-cma,10
281,kunye,166-audi-a4-b9,1
282,kunye,167-dacia-sandero-mk3,1
283,kunye,168-byd-han-mk1,1
284,bakim-takvimi,028-toyota-corolla-e140,1
285,kunye,169-jeep-wrangler-jl,1
286,kritik-arizalar,027-opel-astra-l-yuksek-gerilim-cekis-sistemi-arizasi,1
287,kronik-arizalar,041-audi-a3-8p,10
288,kunye,170-honda-civic-es,1
289,kunye,171-mini-clubman-f54,1
290,kunye,172-suzuki-jimny-jb74,1
291,kunye,173-seat-ibiza-mk5,1
292,kronik-arizalar,042-dacia-duster-mk1,10
293,kunye,174-mg-marvel-r-mk1,1
294,listeler,007-en-az-yakan-pickup,1
295,bakim-takvimi,029-hyundai-i20-gb,1
296,kunye,175-land-rover-range-rover-sport-l461,1
297,kritik-arizalar,028-skoda-fabia-mk2-zincir-gergisi-tsi-ea111,1
298,kunye,176-porsche-taycan-j1,1
299,kunye,177-alfa-romeo-mito-tipo955,1
300,kronik-arizalar,043-jeep-renegade-bu,10
301,kunye,178-ds-automobiles-ds3-sa,1
302,kunye,179-lexus-nx-az20,1
303,kunye,180-subaru-xv-gt,1
304,bakim-takvimi,030-skoda-octavia-mk2,1
305,kunye,181-renault-clio-mk1,1
306,markalar,009-opel,1
307,kritik-arizalar,029-kia-sportage-ql-1-6-t-gdi-zamanlama-zinciri-arizasi,1
308,kunye,182-fiat-fiorino-gen3,1
309,kronik-arizalar,044-honda-civic-fe,5
310,kunye,183-volkswagen-passat-b8,1
311,kunye,184-toyota-corolla-e100,1
312,kunye,185-peugeot-301-mk1,1
313,kunye,186-ford-fiesta-mk5,1
314,kronik-arizalar,045-seat-leon-mk4,9
315,bakim-takvimi,031-kia-sportage-ql,1
316,kunye,187-hyundai-accent-lc,1
317,kunye,188-citroen-c4-c41,1
318,kritik-arizalar,030-chery-tiggo-8-pro-mk1-1-6-tgdi-zamanlama-zinciri-kopmasi,1
319,kunye,189-opel-astra-f,1
320,kunye,190-skoda-fabia-mk2,1
321,kronik-arizalar,046-renault-clio-mk5,10
322,kunye,191-mercedes-benz-e-serisi-w212,1
323,kunye,192-kia-ceed-ed,1
324,bakim-takvimi,032-nissan-x-trail-t32,1
325,kunye,193-nissan-almera-n16,1
326,kunye,194-bmw-3-serisi-e30,1
327,kritik-arizalar,031-nissan-qashqai-j12-e-power-guc-unitesi-arizasi,1
328,kronik-arizalar,047-fiat-doblo-gen1,8
329,kunye,195-kg-mobility-rodius-mk1,1
330,kunye,196-volvo-v60-spa,1
331,kunye,197-audi-a4-b7,1
332,kunye,198-dacia-sandero-mk2,1
333,kronik-arizalar,048-volkswagen-golf-mk6,10
334,kunye,199-jeep-avenger-mk1,1
335,bakim-takvimi,033-audi-a3-8v,1
336,kunye,200-honda-civic-ek,1
337,kritik-arizalar,032-bmw-3-serisi-e36-320i-zamanlama-zinciri-gergisi-asinmasi,1
338,listeler,008-en-az-yakan-dizel,1
339,kunye,201-mini-countryman-f60,1
340,kunye,202-suzuki-swift-a2l,1
341,markalar,010-togg,1
342,kronik-arizalar,049-toyota-corolla-e140,10
343,kunye,203-seat-ateca-mk1,1
344,kunye,204-land-rover-evoque-l551,1
345,kunye,205-porsche-cayenne-955,1
346,bakim-takvimi,034-cupra-terramar-mk1,1
347,kunye,206-alfa-romeo-159-tipo939,1
348,kunye,207-ds-automobiles-ds4-t87,1
349,kronik-arizalar,050-peugeot-2008-a94,10
350,kritik-arizalar,033-audi-a3-8p-silindir-kapagi-catlagi-2-0-tdi-pd,1
351,kunye,208-lexus-rx-al30,1
352,kunye,209-subaru-brz-zc6,1
353,kunye,210-renault-megane-mk2,1
354,kunye,211-fiat-palio-gen1,1
355,kronik-arizalar,051-ford-focus-mk2,10
356,bakim-takvimi,035-seat-leon-mk2,1
357,kunye,212-volkswagen-passat-b6,1
358,kunye,213-toyota-c-hr-ax10,1
359,kritik-arizalar,034-dacia-duster-mk1-tce-1-2-yag-tuketimi,1
360,kunye,214-peugeot-208-p21,1
361,kunye,215-ford-fiesta-mk7,1
362,kronik-arizalar,052-hyundai-i20-gb,10
363,kunye,216-hyundai-accent-x3,1
364,kunye,217-citroen-c4-b7,1
365,bakim-takvimi,036-volkswagen-golf-mk8,1
366,kunye,218-opel-corsa-f,1
367,kunye,219-skoda-fabia-mk3,1
368,kronik-arizalar,053-citroen-c3-sx,10
369,kritik-arizalar,035-jeep-compass-mp-hibrit-yuksek-gerilim-jenerator-arizasi,1
370,kunye,220-mercedes-benz-e-serisi-w211,1
371,kunye,221-kia-ceed-cd,1
372,kunye,222-nissan-micra-k13,1
373,kunye,223-bmw-5-serisi-e60,1
374,bakim-takvimi,037-toyota-corolla-e170,1
375,markalar,011-skoda,1
376,kronik-arizalar,054-opel-astra-l,10
377,kunye,224-kg-mobility-actyon-mk1,1
378,kunye,225-volvo-v90-spa,1
379,kunye,226-audi-a6-c8,1
380,kritik-arizalar,036-renault-clio-mk3-dci-krank-kol-yatagi,1
381,kunye,227-dacia-logan-mk1,1
382,listeler,009-en-az-yakan-benzin,1
383,kronik-arizalar,055-skoda-octavia-mk2,10
384,kunye,228-jeep-cherokee-kl,1
385,kunye,229-honda-civic-eg,1
386,bakim-takvimi,038-hyundai-accent-rb,1
387,kunye,230-mini-countryman-r60,1
388,kunye,231-suzuki-s-cross-jy,1
389,kunye,232-seat-arona-mk1,1
390,kronik-arizalar,056-mercedes-benz-c-serisi-w204,10
391,kritik-arizalar,037-fiat-albea-gen2-triger-kayisi-kopmasi-supap-hasari,1
392,kunye,233-land-rover-velar-l560,1
393,kunye,234-porsche-cayenne-92a,1
394,kunye,235-alfa-romeo-147-tipo937,1
395,bakim-takvimi,039-skoda-superb-b8,1
396,kunye,236-ds-automobiles-ds5-mk1,1
397,kronik-arizalar,057-kia-sportage-ql,10
398,kunye,237-lexus-lx-j310,1
399,kunye,238-subaru-levorg-vm,1
400,kunye,239-renault-megane-mk4,1
401,kritik-arizalar,038-volkswagen-passat-b6-2-0-tdi-yag-pompasi-arizasi,1
402,kunye,240-fiat-albea-gen2,1
403,kronik-arizalar,058-nissan-qashqai-j10,10
404,kunye,241-volkswagen-passat-b7,1
405,bakim-takvimi,040-kia-ceed-cd,1
406,kunye,242-toyota-c-hr-ax20,1
407,kunye,243-peugeot-208-a9,1
408,kunye,244-ford-fiesta-mk4,1
409,kronik-arizalar,059-bmw-3-serisi-e46,10
410,markalar,012-mercedes-benz,1
411,kunye,245-hyundai-tucson-nx4,1
412,kritik-arizalar,039-peugeot-2008-p24-elektrik-motoru-ve-invertor-arizasi,1
413,kunye,246-citroen-c4-b5,1
414,kunye,247-opel-corsa-e,1
415,bakim-takvimi,041-audi-a4-b8,1
416,kunye,248-skoda-fabia-mk4,1
417,kronik-arizalar,060-audi-a3-8v,7
418,kunye,249-mercedes-benz-e-serisi-w213,1
419,kunye,250-kia-ceed-jd,1
420,kunye,251-nissan-micra-k12,1
421,kritik-arizalar,040-ford-focus-mk4-8-ileri-otomatik-sanziman-arizasi,1
422,kunye,252-bmw-5-serisi-e39,1
423,kunye,253-kg-mobility-kyron-mk1,1
424,kronik-arizalar,061-dacia-duster-mk3,10
425,kunye,254-volvo-xc90-spa,1
426,bakim-takvimi,042-seat-ibiza-mk4,1
427,listeler,010-en-az-yakan-hibrit,1
428,kunye,255-audi-a6-c7,1
429,kunye,256-dacia-logan-mk2,1
430,kunye,257-jeep-grand-cherokee-wk2,1
431,kronik-arizalar,062-honda-civic-fc,6
432,kunye,258-honda-jazz-gr,1
433,kritik-arizalar,041-hyundai-getz-tb-1-5-crdi-d3ea-triger-gergi-rulmani,1
434,kunye,259-mini-cabrio-r57,1
435,kunye,260-suzuki-jimny-jb43,1
436,bakim-takvimi,043-volkswagen-golf-mk4,1
437,kunye,261-seat-tarraco-mk1,1
438,kronik-arizalar,063-seat-leon-mk2,8
439,kunye,262-land-rover-range-rover-sport-l494,1
440,kunye,263-porsche-panamera-971,1
441,kunye,264-alfa-romeo-gt-tipo937,1
442,kritik-arizalar,042-citroen-c3-cc21-e-dcs6-sanzimanin-kilitlenmesi,1
443,kunye,265-lexus-rc-asc10,1
444,kronik-arizalar,064-renault-clio-mk3,10
445,kunye,266-subaru-outback-bs,1
446,markalar,013-kia,1
447,bakim-takvimi,044-toyota-c-hr-ax10,1
448,kunye,267-renault-megane-mk3,1
449,kunye,268-fiat-albea-gen1,1
450,kunye,269-volkswagen-polo-aw,1
451,kronik-arizalar,065-fiat-fiorino-gen3,9
452,kunye,270-toyota-yaris-xp210,1
453,kritik-arizalar,043-opel-astra-g-triger-kayisi-kopmasi,1
454,kunye,271-peugeot-308-t9,1
455,kunye,272-ford-fiesta-mk3,1
456,bakim-takvimi,045-hyundai-tucson-nx4,1
457,kunye,273-hyundai-tucson-lm,1
458,kronik-arizalar,066-volkswagen-golf-mk8,11
459,kunye,274-citroen-berlingo-k9,1
460,kunye,275-opel-corsa-d,1
461,kunye,276-skoda-kamiq-mk1,1
462,kunye,277-mercedes-benz-e-serisi-w214,1
463,kritik-arizalar,044-kia-ceed-cd-1-6-crdi-48v-mars-sarj-gergi-arizasi,1
464,kunye,278-kia-rio-ub,1
465,kronik-arizalar,067-toyota-c-hr-ax10,11
466,bakim-takvimi,046-skoda-superb-b6,1
467,kunye,279-nissan-micra-k11,1
468,kunye,280-bmw-5-serisi-g30,1
469,kunye,281-volvo-ex30-mk1,1
470,listeler,011-en-uzun-menzil,1
471,kunye,282-audi-q2-ga,1
472,kronik-arizalar,068-peugeot-2008-p24,10
473,kunye,283-dacia-lodgy-mk1,1
474,kritik-arizalar,045-nissan-qashqai-j10-1-5-dci-triger-kayisi-erken-kopmasi,1
475,kunye,284-jeep-wrangler-jk,1
476,bakim-takvimi,047-kia-ceed-jd,1
477,kunye,285-honda-cr-v-rs,1
478,kunye,286-mini-cooper-r56,1
479,kronik-arizalar,069-ford-focus-mk1,6
480,kunye,287-suzuki-swift-azg,1
481,markalar,014-chery,1
482,kunye,288-seat-toledo-mk4,1
483,kunye,289-land-rover-range-rover-l405,1
484,kritik-arizalar,046-bmw-3-serisi-e46-emme-manifoldu-girdap-klapesi-kopmasi,1
485,kunye,290-porsche-911-991,1
486,kronik-arizalar,070-hyundai-accent-rb,5
487,bakim-takvimi,048-audi-a4-b9,1
488,kunye,291-alfa-romeo-brera-tipo939,1
489,kunye,292-lexus-rz-xeb10,1
490,kunye,293-subaru-forester-sj,1
491,kunye,294-renault-megane-mk1,1
492,kronik-arizalar,071-citroen-c4-c41,10
493,kunye,295-fiat-punto-mk3,1
494,kunye,296-volkswagen-polo-6r,1
495,kritik-arizalar,047-audi-a3-8p-zincir-gergisi-tsi-ea111,1
496,bakim-takvimi,049-seat-ibiza-mk5,1
497,kunye,297-toyota-yaris-xp90,1
498,kunye,298-peugeot-308-t7,1
499,kronik-arizalar,072-opel-astra-g,10
500,kunye,299-ford-puma-mk1,1
501,kunye,300-hyundai-tucson-tl,1
502,kunye,301-citroen-berlingo-b9,1
503,kunye,302-opel-corsa-c,1
504,kritik-arizalar,048-dacia-sandero-mk1-1-5-dci-triger-kayisi-hasari,1
505,bakim-takvimi,050-volkswagen-passat-b8,1
506,kunye,303-skoda-kodiaq-mk1,1
507,kronik-arizalar,073-skoda-superb-b8,10
508,kunye,304-mercedes-benz-e-serisi-w210,1
509,kunye,305-kia-stonic-yb,1
510,kunye,306-nissan-juke-f16,1
511,kunye,307-bmw-5-serisi-f10,1
512,kronik-arizalar,074-mercedes-benz-c-serisi-w206,8
513,listeler,012-en-az-yakan-marka-renault,1
514,kunye,308-volvo-v40-p1,1
515,markalar,015-nissan,1
516,kritik-arizalar,049-jeep-compass-mp-otomatik-sanziman-kacak-ve-arizasi,1
517,kunye,309-audi-a6-c6,1
518,bakim-takvimi,051-toyota-c-hr-ax20,1
519,kunye,310-dacia-jogger-mk1,1
520,kunye,311-jeep-cherokee-kk,1
521,kronik-arizalar,075-kia-ceed-ed,10
522,kunye,312-honda-hr-v-rv,1
523,kunye,313-mini-clubman-r55,1
524,kunye,314-suzuki-grand-vitara-jt,1
525,kunye,315-land-rover-evoque-l538,1
526,bakim-takvimi,052-hyundai-tucson-lm,1
527,kritik-arizalar,050-renault-megane-mk2-dci-krank-kol-yatagi,1
528,kronik-arizalar,076-nissan-micra-k14,10
529,kunye,316-porsche-panamera-970,1
530,kunye,317-alfa-romeo-166-tipo936,1
531,kunye,318-lexus-ct-zwa10,1
532,kunye,319-subaru-xv-gp,1
533,kronik-arizalar,077-bmw-3-serisi-g20,11
534,kunye,320-renault-fluence-mk1,1
535,kunye,321-fiat-punto-mk2,1
536,bakim-takvimi,053-skoda-fabia-mk2,1
537,kritik-arizalar,051-fiat-punto-mk2-dizel-enjeksiyon-pompasi-sikismasi,1
538,kunye,322-volkswagen-jetta-mk5,1
539,kunye,323-toyota-yaris-xp130,1
540,kronik-arizalar,078-audi-a4-b8,10
541,kunye,324-peugeot-308-p5,1
542,kunye,325-ford-kuga-gen3,1
543,kunye,326-hyundai-tucson-jm,1
544,kunye,327-citroen-berlingo-m49,1
545,bakim-takvimi,054-kia-rio-ub,1
546,kunye,328-opel-corsa-b,1
547,kritik-arizalar,052-volkswagen-passat-b7-zincir-gergisi-tsi-ea111,1
548,kronik-arizalar,079-dacia-sandero-mk1,10
549,kunye,329-skoda-karoq-mk1,1
550,markalar,016-bmw,1
551,kunye,330-mercedes-benz-e-serisi-w124,1
552,kunye,331-kia-rio-yb,1
553,kunye,332-nissan-almera-n15,1
554,kronik-arizalar,080-honda-civic-fd,5
555,kunye,333-bmw-5-serisi-g60,1
556,bakim-takvimi,055-audi-a4-b7,1
557,kunye,334-volvo-s60-p3,1
558,kritik-arizalar,053-peugeot-2008-p24-puretech-triger-kayisi,1
559,listeler,013-en-az-yakan-marka-fiat,1
560,kunye,335-audi-q5-fy,1
561,kunye,336-dacia-dokker-mk1,1
562,kronik-arizalar,081-seat-ibiza-mk4,10
563,kunye,337-jeep-grand-cherokee-wk,1
564,kunye,338-honda-zr-v-mk1,1
565,kunye,339-mini-cabrio-r52,1
566,bakim-takvimi,056-seat-ateca-mk1,1
567,kunye,340-suzuki-alto-ha25,1
568,kronik-arizalar,082-renault-megane-mk2,10
569,kritik-arizalar,054-ford-focus-mk4-ecoblue-eksantrik-zinciri-uzamasi,1
570,kunye,341-land-rover-defender-l316,1
571,kunye,342-porsche-911-997,1
572,kunye,343-alfa-romeo-156-tipo932,1
573,kunye,344-lexus-rx-al20,1
574,kronik-arizalar,083-fiat-palio-gen1,7
575,kunye,345-subaru-impreza-gj,1
576,bakim-takvimi,057-volkswagen-passat-b6,1
577,kunye,346-renault-symbol-mk3,1
578,kunye,347-fiat-punto-mk1,1
579,kritik-arizalar,055-citroen-c3-cc21-yuksek-gerilim-sistemi-cekis-kesilmesi,1
580,kunye,348-volkswagen-jetta-mk6,1
581,kunye,349-toyota-yaris-xp10,1
582,kronik-arizalar,084-volkswagen-golf-mk4,9
583,kunye,350-peugeot-partner-b9,1
584,kunye,351-ford-kuga-gen2,1
585,markalar,017-kg-mobility,1
586,bakim-takvimi,058-toyota-yaris-xp210,1
587,kunye,352-hyundai-bayon-bc3,1
588,kunye,353-citroen-c5-aircross-c84,1
589,kronik-arizalar,085-toyota-c-hr-ax20,5
590,kritik-arizalar,056-opel-astra-k-1-4-turbo-150-piston-catlamasi,1
591,kunye,354-opel-insignia-a,1
592,kunye,355-skoda-kodiaq-mk2,1
593,kunye,356-mercedes-benz-a-serisi-w177,1
594,kunye,357-kia-rio-jb,1
595,kronik-arizalar,086-peugeot-301-mk1,10
596,bakim-takvimi,059-hyundai-tucson-tl,1
597,kunye,358-nissan-x-trail-t33,1
598,kunye,359-bmw-5-serisi-e34,1
599,kritik-arizalar,057-nissan-qashqai-j10-1-5-dci-yag-pompasi-basinc-valfi,1
600,kunye,360-volvo-v60-p3,1
601,kunye,361-audi-q3-f3,1
602,listeler,014-en-az-yakan-marka-volkswagen,1
603,kronik-arizalar,087-ford-fiesta-mk6,10
604,kunye,362-dacia-logan-mk3,1
605,kunye,363-jeep-cherokee-kj,1
606,kunye,364-honda-e-ny1-mk1,1
607,bakim-takvimi,060-skoda-fabia-mk3,1
608,kunye,365-mini-cooper-r50,1
609,kronik-arizalar,088-hyundai-tucson-nx4,10
610,kunye,366-suzuki-sx4-gy,1
611,kritik-arizalar,058-bmw-3-serisi-g20-318d-kol-yatagi-sarmasi,1
612,kunye,367-land-rover-discovery-mk4,1
613,kunye,368-alfa-romeo-145-tipo930,1
614,kunye,369-lexus-nx-az10,1
615,kronik-arizalar,089-citroen-c4-b7,10
616,kunye,370-subaru-legacy-br,1
617,bakim-takvimi,061-kia-stonic-yb,1
618,kunye,371-renault-symbol-mk1,1
619,kunye,372-fiat-ducato-gen3,1
620,markalar,018-volvo,1
621,kritik-arizalar,059-audi-a4-b8-yag-tuketimi-2-0-tfsi,1
622,kunye,373-volkswagen-tiguan-mk1,1
623,kunye,374-toyota-auris-e150,1
624,kronik-arizalar,090-opel-astra-k,9
625,kunye,375-peugeot-partner-m49,1
626,kunye,376-ford-kuga-gen1,1
627,bakim-takvimi,062-audi-a6-c8,1
628,kunye,377-hyundai-i10-pa,1
629,kunye,378-citroen-c5-aircross-cr3,1
630,kronik-arizalar,091-skoda-superb-b6,6
631,kritik-arizalar,060-dacia-sandero-mk1-dci-krank-kol-yatagi,1
632,kunye,379-opel-insignia-b,1
633,kunye,380-skoda-rapid-mk1,1
634,kunye,381-mercedes-benz-a-serisi-w176,1
635,kunye,382-kia-rio-dc,1
636,kronik-arizalar,092-mercedes-benz-e-serisi-w212,10
637,bakim-takvimi,063-seat-arona-mk1,1
638,kunye,383-nissan-navara-d23,1
639,kunye,384-bmw-1-serisi-f40,1
640,kunye,385-volvo-s80-p3,1
641,kritik-arizalar,061-renault-megane-mk4-tce-1-2-yag-tuketimi,1
642,kunye,386-audi-q7-4m,1
643,kronik-arizalar,093-kia-ceed-cd,10
644,kunye,387-dacia-spring-mk1,1
645,listeler,015-en-az-yakan-marka-toyota,1
646,kunye,388-jeep-wrangler-tj,1
647,bakim-takvimi,064-volkswagen-passat-b7,1
648,kunye,389-honda-jazz-ge,1
649,kunye,390-suzuki-swift-rs,1
650,kronik-arizalar,094-nissan-juke-f15,8
651,kunye,391-land-rover-freelander-l359,1
652,kritik-arizalar,062-fiat-punto-mk2-triger-kayisinin-erken-kopmasi,1
653,kunye,392-alfa-romeo-155-tipo167,1
654,kunye,393-lexus-lx-j200,1
655,markalar,019-audi,1
656,kunye,394-subaru-outback-br,1
657,bakim-takvimi,065-toyota-yaris-xp90,1
658,kronik-arizalar,095-bmw-3-serisi-e90,10
659,kunye,395-renault-symbol-mk2,1
660,kunye,396-fiat-panda-mk3,1
661,kunye,397-volkswagen-tiguan-mk2,1
662,kunye,398-toyota-auris-e180,1
663,kritik-arizalar,063-volkswagen-polo-6r-zincir-gergisi-1-2-tsi,1
664,kunye,399-peugeot-partner-k9,1
665,kronik-arizalar,096-audi-a4-b9,11
666,kunye,400-ford-transit-courier-gen2,1
667,bakim-takvimi,066-hyundai-bayon-bc3,1
668,kunye,401-hyundai-i10-ac3,1
669,kunye,402-citroen-jumper-x250,1
670,kunye,403-opel-mokka-a,1
671,kronik-arizalar,097-dacia-sandero-mk3,10
672,kunye,404-skoda-scala-mk1,1
673,kritik-arizalar,064-peugeot-301-mk1-puretech-triger-kayisi,1
674,kunye,405-mercedes-benz-cla-c117,1
675,kunye,406-kia-picanto-ja,1
676,bakim-takvimi,067-skoda-fabia-mk4,1
677,kunye,407-nissan-townstar-mk1,1
678,kronik-arizalar,098-seat-ibiza-mk5,10
679,kunye,408-bmw-1-serisi-e87,1
680,kunye,409-volvo-xc70-p3,1
681,kunye,410-audi-q3-8u,1
682,kritik-arizalar,065-ford-focus-mk4-ecoboost-sogutma-hortumu-hararet,1
683,kunye,411-dacia-bigster-mk1,1
684,kronik-arizalar,099-renault-megane-mk4,10
685,kunye,412-jeep-grand-cherokee-wj,1
686,bakim-takvimi,068-kia-rio-yb,1
687,kunye,413-honda-jazz-gk,1
688,kunye,414-suzuki-ignis-hr,1
689,listeler,016-en-az-yakan-marka-peugeot,1
690,markalar,020-omoda,1
691,kunye,415-land-rover-range-rover-sport-l320,1
692,kronik-arizalar,100-fiat-albea-gen2,9
693,kunye,416-lexus-is-xe30,1
694,kunye,417-subaru-forester-sh,1
695,kritik-arizalar,066-citroen-c3-sx-1-5-bluehdi-eksantrik-zinciri,1
696,kunye,418-renault-taliant-mk1,1
697,kunye,419-fiat-scudo-mk3,1
698,bakim-takvimi,069-audi-a6-c7,1
699,kronik-arizalar,101-volkswagen-passat-b8,10
700,kunye,420-volkswagen-tiguan-mk3,1
701,kunye,421-toyota-yaris-cross-xp210,1
702,kunye,422-peugeot-rifter-mk1,1
703,kunye,423-ford-transit-courier-gen1,1
704,kritik-arizalar,067-opel-corsa-f-1-2-atmosferik-triger-kayisi-bozulmasi,1
705,kunye,424-hyundai-i10-ia,1
706,kronik-arizalar,102-toyota-yaris-xp210,10
707,kunye,425-citroen-c3-aircross-cc24,1
708,bakim-takvimi,070-seat-tarraco-mk1,1
709,kunye,426-opel-mokka-b,1
710,kunye,427-skoda-enyaq-mk1,1
711,kunye,428-mercedes-benz-a-serisi-w169,1
712,kronik-arizalar,103-peugeot-208-p21,10
713,kunye,429-kia-xceed-mk1,1
714,kritik-arizalar,068-nissan-qashqai-j10-2-0-dci-yag-pompasi-kilitlenmesi,1
715,kunye,430-nissan-ariya-mk1,1
716,kunye,431-bmw-1-serisi-f20,1
717,bakim-takvimi,071-volkswagen-polo-aw,1
718,kunye,432-volvo-xc90-p2,1
719,kronik-arizalar,104-ford-fiesta-mk5,10
720,kunye,433-audi-a1-gb,1
721,kunye,434-jeep-grand-cherokee-zj,1
722,kunye,435-honda-jazz-gd,1
723,kunye,436-suzuki-wagon-r-mm,1
724,markalar,021-jaecoo,1
725,kritik-arizalar,069-bmw-3-serisi-e90-320d-m47-girdap-klapeleri,1
726,kronik-arizalar,105-hyundai-tucson-lm,10
727,kunye,437-land-rover-range-rover-l322,1
728,bakim-takvimi,072-toyota-yaris-xp130,1
729,kunye,438-lexus-gs-s200,1
730,kunye,439-subaru-impreza-gh,1
731,kunye,440-renault-captur-mk1,1
732,kronik-arizalar,106-citroen-berlingo-k9,10
733,kunye,441-fiat-fiat-500-mk1,1
734,listeler,017-en-az-yakan-marka-ford,1
735,kunye,442-volkswagen-t-roc-mk1,1
736,kritik-arizalar,070-audi-a4-b8-zincir-gergisi-tfsi-ea888,1
737,kunye,443-toyota-hilux-an110,1
738,bakim-takvimi,073-hyundai-i10-ac3,1
739,kunye,444-peugeot-207-mk1,1
740,kunye,445-ford-tourneo-courier-gen1,1
741,kronik-arizalar,107-opel-corsa-f,10
742,kunye,446-hyundai-i30-fd,1
743,kunye,447-citroen-c5-x-mk1,1
744,kunye,448-opel-vectra-c,1
745,kritik-arizalar,071-dacia-logan-mk1-1-5-dci-aksesuar-kayisinin-parcalanmasi,1
746,kunye,449-mercedes-benz-a-serisi-w168,1
747,kronik-arizalar,108-skoda-fabia-mk2,10
748,bakim-takvimi,074-skoda-kamiq-mk1,1
749,kunye,450-kia-sorento-mq4,1
750,kunye,451-nissan-patrol-y62,1
751,kunye,452-bmw-x1-f48,1
752,kunye,453-volvo-c30-p1,1
753,kronik-arizalar,109-mercedes-benz-e-serisi-w211,10
754,kunye,454-audi-a5-f5,1
755,kunye,455-honda-cr-v-rw,1
756,kritik-arizalar,072-renault-megane-mk3-dci-krank-kol-yatagi,1
757,bakim-takvimi,075-kia-picanto-ja,1
758,kunye,456-suzuki-liana-rh,1
759,kunye,457-land-rover-discovery-mk3,1
760,markalar,022-dacia,1
761,kronik-arizalar,110-kia-ceed-jd,10
762,kunye,458-lexus-es-xv60,1
763,kunye,459-subaru-legacy-bl,1
764,kunye,460-renault-captur-mk2,1
765,kunye,461-fiat-fiat-600-mk1,1
766,kritik-arizalar,073-volkswagen-jetta-mk5-2-0-tdi-yag-pompasi-arizasi,1
767,kronik-arizalar,111-nissan-almera-n16,8
768,bakim-takvimi,076-audi-q2-ga,1
769,kunye,462-volkswagen-caddy-mk5,1
770,kunye,463-toyota-rav4-xa50,1
771,kunye,464-peugeot-5008-p87,1
772,kunye,465-ford-tourneo-courier-gen2,1
773,kronik-arizalar,112-bmw-5-serisi-e60,10
774,kunye,466-hyundai-i30-pd,1
775,kunye,467-citroen-jumpy-k0,1
776,bakim-takvimi,077-seat-toledo-mk4,1
777,kritik-arizalar,074-peugeot-208-p21-elektrikli-tahrik-unitesi-arizasi,1
778,kunye,468-opel-zafira-b,1
779,listeler,018-en-az-yakan-marka-hyundai,1
780,kunye,469-mercedes-benz-cla-c118,1
781,kunye,470-kia-niro-sg2,1
782,kronik-arizalar,113-audi-a4-b7,8
783,kunye,471-nissan-leaf-ze1,1
784,kunye,472-bmw-x1-u11,1
785,kunye,473-volvo-c70-p1,1
786,kunye,474-audi-q4-e-tron-mk1,1
787,bakim-takvimi,078-volkswagen-polo-6r,1
788,kronik-arizalar,114-dacia-sandero-mk2,11
789,kritik-arizalar,075-ford-focus-mk4-ecoboost-yag-icinde-triger-kayisi,1
790,kunye,475-honda-hr-v-ru,1
791,kunye,476-suzuki-grand-vitara-ft,1
792,kunye,477-land-rover-freelander-l314,1
793,kunye,478-lexus-ls-f40,1
794,kronik-arizalar,115-seat-ateca-mk1,11
795,markalar,023-byd,1
796,kunye,479-subaru-outback-bp,1
797,kunye,480-renault-austral-mk1,1
798,bakim-takvimi,079-toyota-auris-e150,1
799,kritik-arizalar,076-citroen-c3-sx-puretech-triger-kayisi,1
800,kunye,481-fiat-grande-panda-mk1,1
801,kunye,482-volkswagen-caddy-mk4,1
802,kronik-arizalar,116-renault-megane-mk3,10
803,kunye,483-toyota-camry-xv80,1
804,kunye,484-peugeot-307-mk1,1
805,kunye,485-ford-transit-connect-gen2,1
806,kunye,486-hyundai-i30-gd,1
807,bakim-takvimi,080-hyundai-i10-ia,1
808,kronik-arizalar,117-fiat-punto-mk3,10
809,kunye,487-citroen-c3-aircross-a88,1
810,kritik-arizalar,077-opel-corsa-f-puretech-triger-kayisi,1
811,kunye,488-opel-combo-e,1
812,kunye,489-mercedes-benz-sprinter-w907,1
813,kunye,490-kia-ev6-cv,1
814,kronik-arizalar,118-volkswagen-passat-b6,10
815,kunye,491-nissan-x-trail-t32,1
816,kunye,492-bmw-x1-e84,1
817,bakim-takvimi,081-skoda-kodiaq-mk1,1
818,kunye,493-volvo-s40-p1,1
819,kritik-arizalar,078-nissan-qashqai-j10-dci-krank-kol-yatagi,1
820,kunye,494-audi-q7-4l,1
821,listeler,019-en-az-yakan-marka-citroen,1
822,kunye,495-honda-cr-v-rm,1
823,kronik-arizalar,119-toyota-yaris-xp90,11
824,kunye,496-suzuki-alto-ha12,1
825,kunye,497-land-rover-discovery-mk2,1
826,kunye,498-lexus-rx-al10,1
827,bakim-takvimi,082-kia-xceed-mk1,1
828,kunye,499-subaru-impreza-gd,1
829,kronik-arizalar,120-peugeot-208-a9,10
830,kritik-arizalar,079-bmw-3-serisi-e90-n47-zamanlama-zinciri,1
831,markalar,024-jeep,1
832,kunye,500-renault-kangoo-mk1,1
833,kunye,501-fiat-marea-mk1,1
834,kunye,502-volkswagen-t-cross-mk1,1
835,kunye,503-toyota-corolla-cross-xg10,1
836,kronik-arizalar,121-ford-fiesta-mk7,10
837,kunye,504-peugeot-206-mk1,1
838,bakim-takvimi,083-audi-a6-c6,1
839,kunye,505-ford-transit-connect-gen1,1
840,kunye,506-hyundai-elantra-cn7,1
841,kritik-arizalar,080-audi-a4-b7-2-0-tdi-silindir-kapagi-catlamasi,1
842,kunye,507-citroen-c4-picasso-emp2,1
843,kronik-arizalar,122-hyundai-tucson-tl,10
844,kunye,508-opel-vectra-b,1
845,kunye,509-mercedes-benz-s-serisi-w223,1
846,kunye,510-kia-carnival-ka4,1
847,bakim-takvimi,084-volkswagen-jetta-mk5,1
848,kunye,511-nissan-note-e12,1
849,kronik-arizalar,123-citroen-berlingo-b9,10
850,kunye,512-bmw-2-serisi-g42,1
851,kritik-arizalar,081-dacia-logan-mk1-1-5-dci-delphi-pompasi-talas-yapmasi,1
852,kunye,513-volvo-s60-p2,1
853,kunye,514-audi-q5-8r,1
854,kunye,515-honda-accord-cu,1
855,kunye,516-suzuki-samurai-sj,1
856,kronik-arizalar,124-opel-corsa-e,10
857,bakim-takvimi,085-toyota-auris-e180,1
858,kunye,517-land-rover-range-rover-p38,1
859,kunye,518-lexus-is-xe20,1
860,kritik-arizalar,082-renault-megane-mk1-dizel-aksesuar-kayisi-triger-hasari,1
861,kunye,519-subaru-forester-sg,1
862,kunye,520-renault-kangoo-mk3,1
863,kronik-arizalar,125-skoda-fabia-mk3,5
864,kunye,521-fiat-fiat-500x-mk1,1
865,markalar,025-honda,1
866,listeler,020-en-az-yakan-marka-opel,1
867,kunye,522-volkswagen-transporter-t6,1
868,bakim-takvimi,086-hyundai-i30-fd,1
869,kunye,523-toyota-aygo-x-ab70,1
870,kunye,524-peugeot-306-mk1,1
871,kronik-arizalar,126-mercedes-benz-e-serisi-w213,5
872,kunye,525-ford-mondeo-mk4,1
873,kritik-arizalar,083-volkswagen-jetta-mk5-kol-yatagi-1-9-tdi,1
874,kunye,526-hyundai-getz-tb,1
875,kunye,527-citroen-c1-mk2,1
876,kunye,528-opel-vectra-a,1
877,kronik-arizalar,127-kia-rio-ub,10
878,kunye,529-mercedes-benz-b-serisi-w247,1
879,bakim-takvimi,087-skoda-karoq-mk1,1
880,kunye,530-kia-cerato-yd,1
881,kunye,531-nissan-leaf-ze0,1
882,kritik-arizalar,084-peugeot-208-p21-puretech-triger-kayisi,1
883,kunye,532-bmw-4-serisi-g22,1
884,kronik-arizalar,128-bmw-5-serisi-e39,10
885,kunye,533-volvo-xc70-p2,1
886,kunye,534-audi-a1-8x,1
887,kunye,535-honda-insight-ze2,1
888,bakim-takvimi,088-kia-sorento-mq4,1
889,kunye,536-suzuki-swift-sf,1
890,kronik-arizalar,129-audi-a6-c8,10
891,kunye,537-land-rover-discovery-mk1,1
892,kritik-arizalar,085-ford-fiesta-mk6-ecoboost-sogutma-hortumu-hararet,1
893,kunye,538-lexus-es-sv40,1
894,kunye,539-subaru-legacy-be,1
895,kunye,540-renault-kangoo-mk2,1
896,kunye,541-fiat-fiat-500l-mk1,1
897,kronik-arizalar,130-dacia-logan-mk1,10
898,bakim-takvimi,089-audi-q5-fy,1
899,kunye,542-volkswagen-transporter-t5,1
900,markalar,026-cupra,1
901,kunye,543-toyota-prius-xw60,1
902,kunye,544-peugeot-406-mk1,1
903,kritik-arizalar,086-citroen-c4-c41-puretech-triger-kayisi,1
904,kunye,545-ford-mondeo-mk3,1
905,kronik-arizalar,131-seat-arona-mk1,10
906,kunye,546-hyundai-elantra-md,1
907,kunye,547-citroen-c4-cactus-mk1,1
908,bakim-takvimi,090-volkswagen-jetta-mk6,1
909,kunye,548-opel-zafira-c,1
910,listeler,021-en-az-yakan-marka-skoda,1
911,kunye,549-mercedes-benz-sl-r232,1
912,kronik-arizalar,132-renault-megane-mk1,10
913,kunye,550-kia-cerato-td,1
914,kritik-arizalar,087-opel-insignia-a-2-0-cdti-krank-yatagi-sarmasi,1
915,kunye,551-nissan-navara-d40,1
916,kunye,552-bmw-7-serisi-g70,1
917,kunye,553-volvo-s80-p2,1
918,bakim-takvimi,091-toyota-yaris-cross-xp210,1
919,kronik-arizalar,133-fiat-punto-mk2,9
920,kunye,554-audi-a5-8t,1
921,kunye,555-honda-cr-v-re,1
922,kunye,556-suzuki-ignis-ht,1
923,kunye,557-land-rover-range-rover-classic,1
924,kritik-arizalar,088-nissan-juke-f15-dci-krank-kol-yatagi,1
925,kronik-arizalar,134-volkswagen-passat-b7,7
926,kunye,558-lexus-gs-s190,1
927,kunye,559-subaru-outback-bh,1
928,bakim-takvimi,092-hyundai-i30-pd,1
929,kunye,560-renault-kadjar-mk1,1
930,kunye,561-fiat-scudo-mk2,1
931,kronik-arizalar,135-toyota-yaris-xp130,8
932,kunye,562-volkswagen-taigo-mk1,1
933,kunye,563-toyota-land-cruiser-j300,1
934,kritik-arizalar,089-bmw-5-serisi-e60-m57-girdap-klapelerinin-kopmasi,1
935,markalar,027-tesla,1
936,kunye,564-peugeot-5008-p67,1
937,kunye,565-ford-tourneo-connect-gen2,1
938,bakim-takvimi,093-skoda-kodiaq-mk2,1
939,kunye,566-hyundai-santa-fe-mx5,1
940,kronik-arizalar,136-peugeot-308-t9,10
941,kunye,567-citroen-c3-picasso-mk1,1
942,kunye,568-opel-combo-d,1
943,kunye,569-mercedes-benz-gle-v167,1
944,kritik-arizalar,090-dacia-logan-mk1-dci-krank-kol-yatagi,1
945,kunye,570-kia-cerato-ld,1
946,kronik-arizalar,137-ford-puma-mk1,10
947,kunye,571-nissan-murano-z51,1
948,bakim-takvimi,094-kia-niro-sg2,1
949,kunye,572-bmw-8-serisi-g15,1
950,kunye,573-volvo-c70-p80,1
951,kunye,574-honda-fr-v-be,1
952,kronik-arizalar,138-hyundai-bayon-bc3,9
953,listeler,022-en-az-yakan-marka-mercedes-benz,1
954,kunye,575-suzuki-baleno-eg,1
955,kunye,576-lexus-rx-xu30,1
956,kritik-arizalar,091-renault-fluence-mk1-1-5-dci-triger-kayisi-devirdaim,1
957,kunye,577-subaru-forester-sf,1
958,bakim-takvimi,095-audi-q3-f3,1
959,kunye,578-renault-megane-e-tech-mk1,1
960,kronik-arizalar,139-citroen-berlingo-m49,10
961,kunye,579-fiat-freemont-mk1,1
962,kunye,580-volkswagen-touareg-mk3,1
963,kunye,581-toyota-land-cruiser-prado-j250,1
964,kunye,582-peugeot-5008-t87,1
965,kritik-arizalar,092-volkswagen-jetta-mk5-silindir-kapagi-catlagi-2-0-tdi-pd,1
966,kronik-arizalar,140-opel-corsa-d,10
967,kunye,583-ford-mondeo-mk5,1
968,kunye,584-hyundai-kona-sx2,1
969,bakim-takvimi,096-volkswagen-tiguan-mk1,1
970,markalar,028-mini,1
971,kunye,585-citroen-c4-aircross-mk1,1
972,kunye,586-opel-combo-c,1
973,kronik-arizalar,141-skoda-kamiq-mk1,10
974,kunye,587-mercedes-benz-gla-h247,1
975,kunye,588-kia-soul-sk3,1
976,kritik-arizalar,093-peugeot-208-a9-puretech-triger-kayisi,1
977,kunye,589-nissan-pathfinder-r51,1
978,kunye,590-bmw-x2-u10,1
979,bakim-takvimi,097-toyota-hilux-an110,1
980,kunye,591-volvo-s40-p80,1
981,kronik-arizalar,142-mercedes-benz-a-serisi-w177,10
982,kunye,592-honda-accord-cl,1
983,kunye,593-lexus-ls-f30,1
984,kunye,594-subaru-impreza-gc,1
985,kunye,595-renault-scenic-e-tech-mk1,1
986,kritik-arizalar,094-ford-fiesta-mk6-ecoboost-yag-icinde-triger-kayisi,1
987,kronik-arizalar,143-kia-stonic-yb,10
988,kunye,596-fiat-bravo-mk1,1
989,bakim-takvimi,098-hyundai-i30-gd,1
990,kunye,597-volkswagen-touran-mk2,1
991,kunye,598-toyota-proace-gen2,1
992,kunye,599-peugeot-boxer-mk2,1
993,kronik-arizalar,144-bmw-5-serisi-g30,8
994,kunye,600-ford-mondeo-mk1,1
995,kunye,601-hyundai-ioniq-5-ne,1
996,kritik-arizalar,095-citroen-c4-c41-yuksek-gerilim-invertor-cekis-arizasi,1
997,listeler,023-en-az-yakan-marka-kia,1
998,kunye,602-citroen-c5-rd,1
999,bakim-takvimi,099-skoda-rapid-mk1,1
1000,kunye,603-opel-zafira-a,1
1001,kronik-arizalar,145-audi-a6-c7,7
1002,kunye,604-mercedes-benz-glb-x247,1
1003,kunye,605-kia-stinger-ck,1
1004,kunye,606-nissan-x-trail-t31,1
1005,markalar,029-suzuki,1
1006,kunye,607-bmw-x3-g45,1
1007,kronik-arizalar,146-dacia-logan-mk2,10
1008,kritik-arizalar,096-opel-insignia-a-2-0-cdti-triger-kayisi-erken-yipranmasi,1
1009,kunye,608-volvo-v40-p80,1
1010,bakim-takvimi,100-kia-carnival-ka4,1
1011,kunye,609-honda-city-gd,1
1012,kunye,610-subaru-outback-bg,1
1013,kunye,611-renault-espace-gen6,1
1014,kunye,612-fiat-sedici-mk1,1
1015,kronik-arizalar,147-renault-fluence-mk1,10
1016,kunye,613-volkswagen-amarok-mk2,1
1017,kunye,614-toyota-proace-city-gen1,1
1018,kritik-arizalar,097-nissan-juke-f15-tce-1-2-yag-tuketimi,1
1019,bakim-takvimi,101-audi-q7-4m,1
1020,kunye,615-peugeot-expert-mk3,1
1021,kunye,616-ford-ranger-p703,1
1022,kronik-arizalar,148-volkswagen-polo-aw,10
1023,kunye,617-hyundai-ioniq-6-ce,1
1024,kunye,618-citroen-nemo-mk1,1
1025,kunye,619-opel-combo-b,1
1026,kunye,620-mercedes-benz-glc-x254,1
1027,kronik-arizalar,149-toyota-auris-e150,10
1028,kritik-arizalar,098-bmw-5-serisi-e60-n47-zamanlama-zinciri,1
1029,bakim-takvimi,102-volkswagen-tiguan-mk2,1
1030,kunye,621-kia-niro-de,1
1031,kunye,622-nissan-pixo-mk1,1
1032,kunye,623-bmw-x4-g02,1
1033,kunye,624-volvo-s70-mk1,1
1034,kronik-arizalar,150-peugeot-308-t7,10
1035,kunye,625-honda-cr-v-rd4,1
1036,kunye,626-subaru-legacy-bd,1
1037,bakim-takvimi,103-toyota-rav4-xa50,1
1038,kunye,627-renault-trafic-gen3,1
1039,kritik-arizalar,099-dacia-lodgy-mk1-tce-1-2-yag-tuketimi,1
1040,markalar,030-seat,1
1041,kunye,628-fiat-panda-mk2,1
1042,listeler,024-en-az-yakan-marka-nissan,1
1043,kronik-arizalar,151-ford-kuga-gen3,10
1044,kunye,629-volkswagen-id4-mk1,1
1045,kunye,630-toyota-bz4x-gen1,1
1046,kunye,631-peugeot-408-mk1,1
1047,kunye,632-ford-transit-custom-gen2,1
1048,kronik-arizalar,152-hyundai-i10-pa,6
1049,bakim-takvimi,104-hyundai-elantra-cn7,1
1050,kunye,633-hyundai-elantra-ad,1
1051,kritik-arizalar,100-renault-fluence-mk1-dci-krank-kol-yatagi,1
1052,kunye,634-citroen-jumpy-g9,1
1053,kunye,635-opel-grandland-b,1
1054,kunye,636-mercedes-benz-gls-x167,1
1055,kunye,637-kia-sorento-um,1
1056,kronik-arizalar,153-citroen-c5-aircross-c84,10
1057,kunye,638-nissan-note-e11,1
1058,kunye,639-bmw-x5-g05,1
1059,bakim-takvimi,105-skoda-scala-mk1,1
1060,kritik-arizalar,101-volkswagen-jetta-mk5-zincir-gergisi-tsi-ea111,1
1061,kunye,640-volvo-850-mk1,1
1062,kunye,641-honda-hr-v-gh,1
1063,kronik-arizalar,154-opel-corsa-c,9
1064,kunye,642-renault-master-gen4,1
1065,kunye,643-fiat-stilo-mk1,1
1066,kunye,644-volkswagen-id7-mk1,1
1067,kunye,645-toyota-supra-a90,1
1068,bakim-takvimi,106-kia-cerato-yd,1
1069,kronik-arizalar,155-skoda-kodiaq-mk1,10
1070,kunye,646-peugeot-traveller-mk1,1
1071,kritik-arizalar,102-peugeot-308-t9-1-5-bluehdi-eksantrik-zinciri-uzamasi,1
1072,kunye,647-ford-tourneo-connect-gen3,1
1073,kunye,648-hyundai-elantra-hd,1
1074,markalar,031-iveco,1
1075,kunye,649-citroen-c1-mk1,1
1076,kronik-arizalar,156-mercedes-benz-a-serisi-w176,10
1077,kunye,650-opel-vivaro-c,1
1078,kunye,651-mercedes-benz-g-serisi-w463a,1
1079,bakim-takvimi,107-audi-q3-8u,1
1080,kunye,652-kia-carnival-yp,1
1081,kritik-arizalar,103-ford-fiesta-mk7-ecoboost-sogutma-hortumu-hararet,1
1082,kunye,653-nissan-patrol-y61,1
1083,kronik-arizalar,157-kia-rio-yb,8
1084,kunye,654-bmw-x6-g06,1
1085,kunye,655-honda-stream-rn1,1
1086,listeler,025-en-az-yakan-marka-bmw,1
1087,kunye,656-renault-express-mk1,1
1088,kunye,657-fiat-siena-gen1,1
1089,bakim-takvimi,108-volkswagen-tiguan-mk3,1
1090,kronik-arizalar,158-bmw-5-serisi-f10,5
1091,kunye,658-volkswagen-arteon-mk1,1
1092,kritik-arizalar,104-citroen-c4-b7-puretech-triger-kayisi,1
1093,kunye,659-toyota-hilux-an10,1
1094,kunye,660-peugeot-508-r83,1
1095,kunye,661-ford-transit-custom-gen1,1
1096,kunye,662-hyundai-elantra-xd,1
1097,kronik-arizalar,159-audi-q2-ga,6
1098,kunye,663-citroen-c8-mk1,1
1099,bakim-takvimi,109-toyota-proace-city-gen1,1
1100,kunye,664-opel-frontera-mk3,1
1101,kunye,665-mercedes-benz-v-serisi-w447,1
1102,kritik-arizalar,105-opel-combo-e-puretech-triger-kayisi,1
1103,kunye,666-kia-optima-jf,1
1104,kronik-arizalar,160-dacia-lodgy-mk1,10
1105,kunye,667-nissan-primera-p12,1
1106,kunye,668-bmw-x7-g07,1
1107,kunye,669-honda-accord-cf,1
1108,bakim-takvimi,110-hyundai-elantra-md,1
1109,markalar,032-mg,1
1110,kunye,670-renault-rafale-mk1,1
1111,kronik-arizalar,161-renault-symbol-mk3,10
1112,kunye,671-fiat-uno-mk1,1
1113,kritik-arizalar,106-nissan-almera-n16-dci-krank-kol-yatagi,1
1114,kunye,672-volkswagen-amarok-mk1,1
1115,kunye,673-toyota-hilux-n140,1
1116,kunye,674-peugeot-108-mk1,1
1117,kronik-arizalar,162-volkswagen-polo-6r,10
1118,kunye,675-ford-tourneo-connect-gen1,1
1119,bakim-takvimi,111-kia-cerato-td,1
1120,kunye,676-hyundai-elantra-j2,1
1121,kunye,677-citroen-c4-picasso-pf2,1
1122,kritik-arizalar,107-bmw-5-serisi-e39-v8-zincir-kizagi-asinmasi,1
1123,kunye,678-opel-movano-mk3,1
1124,kronik-arizalar,163-toyota-auris-e180,5
1125,kunye,679-mercedes-benz-vito-w447,1
1126,kunye,680-kia-soul-ps,1
1127,kunye,681-nissan-x-trail-t30,1
1128,listeler,026-en-az-yakan-marka-kg-mobility,1
1129,bakim-takvimi,112-audi-a1-gb,1
1130,kunye,682-bmw-z4-g29,1
1131,kronik-arizalar,164-peugeot-308-p5,10
1132,kunye,683-honda-city-sx,1
1133,kunye,684-renault-symbioz-mk1,1
1134,kritik-arizalar,108-dacia-dokker-mk1-tce-1-2-yag-tuketimi,1
1135,kunye,685-fiat-brava-mk1,1
1136,kunye,686-volkswagen-touareg-mk2,1
1137,kunye,687-toyota-rav4-xa40,1
1138,kronik-arizalar,165-ford-kuga-gen2,10
1139,bakim-takvimi,113-volkswagen-t-roc-mk1,1
1140,kunye,688-peugeot-508-w23,1
1141,kunye,689-ford-transit-gen4,1
1142,kunye,690-hyundai-elantra-j1,1
1143,kritik-arizalar,109-renault-symbol-mk1-1-5-dci-aksesuar-kayisi-dagilmasi,1
1144,kunye,691-citroen-xsara-picasso-mk1,1
1145,markalar,033-land-rover,1
1146,kronik-arizalar,166-hyundai-i30-fd,10
1147,kunye,692-opel-crossland-mk1,1
1148,kunye,693-mercedes-benz-citan-w420,1
1149,kunye,694-kia-venga-yn,1
1150,bakim-takvimi,114-toyota-hilux-an10,1
1151,kunye,695-nissan-murano-z50,1
1152,kronik-arizalar,167-opel-corsa-b,8
1153,kunye,696-bmw-i4-g26,1
1154,kritik-arizalar,110-volkswagen-jetta-mk6-zincir-gergisi-1-2-tsi,1
1155,kunye,697-honda-cr-v-rd1,1
1156,kunye,698-renault-r5-e-tech-mk1,1
1157,kunye,699-fiat-tempra-mk1,1
1158,kronik-arizalar,168-skoda-karoq-mk1,8
1159,kunye,700-volkswagen-scirocco-mk3,1
1160,bakim-takvimi,115-hyundai-santa-fe-mx5,1
1161,kunye,701-toyota-rav4-xa30,1
1162,kunye,702-peugeot-expert-mk2,1
1163,kunye,703-ford-ranger-p375,1
1164,kritik-arizalar,111-peugeot-308-t9-puretech-triger-kayisi,1
1165,kronik-arizalar,169-mercedes-benz-cla-c117,10
1166,kunye,704-hyundai-santa-fe-tm,1
1167,kunye,705-citroen-c2-mk1,1
1168,kunye,706-opel-grandland-a,1
1169,bakim-takvimi,116-kia-stinger-ck,1
1170,kunye,707-mercedes-benz-eqa-h243,1
1171,kunye,708-kia-carens-rp,1
1172,kronik-arizalar,170-bmw-1-serisi-f40,11
1173,listeler,027-en-az-yakan-marka-volvo,1
1174,kunye,709-nissan-almera-tino-v10,1
1175,kritik-arizalar,112-ford-fiesta-mk7-ecoboost-yag-icinde-triger-kayisi,1
1176,kunye,710-bmw-ix-i20,1
1177,kunye,711-honda-accord-cd,1
1178,kunye,712-renault-arkana-mk1,1
1179,kronik-arizalar,171-dacia-jogger-mk1,10
1180,markalar,034-isuzu,1
1181,bakim-takvimi,117-audi-a5-f5,1
1182,kunye,713-fiat-tipo-160-mk1,1
1183,kunye,714-toyota-rav4-xa20,1
1184,kunye,715-peugeot-107-mk1,1
1185,kunye,716-ford-tourneo-custom-gen2,1
1186,kritik-arizalar,113-citroen-berlingo-k9-1-5-bluehdi-eksantrik-zinciri-uzamasi,1
1187,kronik-arizalar,172-renault-symbol-mk1,10
1188,kunye,717-hyundai-kona-os,1
1189,kunye,718-citroen-c5-dc,1
1190,bakim-takvimi,118-volkswagen-caddy-mk5,1
1191,kunye,719-opel-movano-mk2,1
1192,kunye,720-mercedes-benz-eqe-v295,1
1193,kronik-arizalar,173-volkswagen-jetta-mk5,10
1194,kunye,721-kia-picanto-ta,1
1195,kunye,722-nissan-terrano-r20,1
1196,kritik-arizalar,114-nissan-almera-n16-dizel-enjeksiyon-pompasi-arizasi,1
1197,kunye,723-bmw-ix1-u11,1
1198,kunye,724-honda-accord-cb,1
1199,bakim-takvimi,119-toyota-rav4-xa40,1
1200,kronik-arizalar,174-toyota-yaris-cross-xp210,7
1201,kunye,725-renault-zoe-ph2,1
1202,kunye,726-toyota-rav4-xa10,1
1203,kunye,727-peugeot-807-mk1,1
1204,kunye,728-ford-ranger-pj,1
1205,kritik-arizalar,115-bmw-5-serisi-f10-n20-zincir-kilavuzu,1
1206,kronik-arizalar,175-peugeot-partner-b9,10
1207,kunye,729-hyundai-ioniq-ae,1
1208,kunye,730-citroen-jumpy-mk1,1
1209,bakim-takvimi,120-hyundai-kona-sx2,1
1210,kunye,731-opel-vivaro-b,1
1211,kunye,732-mercedes-benz-eqs-v297,1
1212,kunye,733-kia-optima-tf,1
1213,kronik-arizalar,176-ford-tourneo-courier-gen1,11
1214,markalar,035-porsche,1
1215,kunye,734-nissan-navara-d22,1
1216,kunye,735-bmw-x3-g01,1
1217,kritik-arizalar,116-renault-symbol-mk1-dci-krank-kol-yatagi,1
1218,listeler,028-en-az-yakan-marka-audi,1
1219,kunye,736-renault-master-gen3,1
1220,bakim-takvimi,121-kia-niro-de,1
1221,kunye,737-toyota-camry-xv70,1
1222,kronik-arizalar,177-hyundai-i30-pd,10
1223,kunye,738-peugeot-407-mk1,1
1224,kunye,739-ford-transit-gen3,1
1225,kunye,740-hyundai-h-1-tq,1
1226,kunye,741-citroen-xsara-mk1,1
1227,kronik-arizalar,178-opel-insignia-a,10
1228,kritik-arizalar,117-volkswagen-tiguan-mk1-yag-pompasi-alti-kose-mili,1
1229,kunye,742-opel-meriva-b,1
1230,bakim-takvimi,122-audi-q7-4l,1
1231,kunye,743-mercedes-benz-sprinter-w906,1
1232,kunye,744-kia-sorento-xm,1
1233,kunye,745-nissan-pathfinder-r50,1
1234,kronik-arizalar,179-skoda-rapid-mk1,5
1235,kunye,746-bmw-ix3-g08,1
1236,kunye,747-renault-espace-gen5,1
1237,kritik-arizalar,118-peugeot-308-p5-puretech-triger-kayisi,1
1238,kunye,748-toyota-land-cruiser-prado-j150,1
1239,kunye,749-peugeot-607-mk1,1
1240,bakim-takvimi,123-volkswagen-caddy-mk4,1
1241,kronik-arizalar,180-bmw-1-serisi-e87,10
1242,kunye,750-ford-s-max-gen2,1
1243,kunye,751-hyundai-santa-fe-dm,1
1244,kunye,752-citroen-saxo-mk2,1
1245,kunye,753-opel-antara-mk1,1
1246,kronik-arizalar,181-dacia-dokker-mk1,10
1247,kunye,754-mercedes-benz-sprinter-w901,1
1248,kritik-arizalar,119-ford-puma-mk1-ecoboost-sogutma-hortumu-hararet,1
1249,markalar,036-alfa-romeo,1
1250,kunye,755-kia-carnival-vq,1
1251,bakim-takvimi,124-toyota-rav4-xa30,1
1252,kunye,756-nissan-primera-p11,1
1253,kunye,757-bmw-x2-f39,1
1254,kunye,758-renault-scenic-mk4,1
1255,kronik-arizalar,182-renault-symbol-mk2,10
1256,kunye,759-toyota-aygo-ab40,1
1257,kunye,760-peugeot-1007-mk1,1
1258,kritik-arizalar,120-citroen-berlingo-k9-puretech-triger-kayisi,1
1259,kunye,761-ford-galaxy-mk3,1
1260,bakim-takvimi,125-hyundai-elantra-ad,1
1261,listeler,029-en-az-yakan-marka-dacia,1
1262,kunye,762-hyundai-sonata-yf,1
1263,kronik-arizalar,183-volkswagen-jetta-mk6,9
1264,kunye,763-citroen-xantia-mk1,1
1265,kunye,764-opel-vivaro-a,1
1266,kunye,765-mercedes-benz-cls-c257,1
1267,kunye,766-kia-soul-am,1
1268,kronik-arizalar,184-toyota-hilux-an110,5
1269,kritik-arizalar,121-bmw-5-serisi-f10-n47-zamanlama-zinciri,1
1270,kunye,767-nissan-patrol-y60,1
1271,bakim-takvimi,126-kia-sorento-um,1
1272,kunye,768-bmw-7-serisi-g11,1
1273,kunye,769-renault-talisman-mk1,1
1274,kunye,770-toyota-prius-xw50,1
1275,kronik-arizalar,185-peugeot-partner-m49,10
1276,kunye,771-peugeot-106-mk1,1
1277,kunye,772-ford-mustang-s550,1
1278,kunye,773-hyundai-santa-fe-cm,1
1279,kritik-arizalar,122-renault-symbol-mk2-dci-aksesuar-kayisi-trigere-dolanmasi,1
1280,bakim-takvimi,127-audi-q5-8r,1
1281,kunye,774-citroen-saxo-mk1,1
1282,kronik-arizalar,186-ford-tourneo-courier-gen2,8
1283,kunye,775-opel-agila-mk2,1
1284,kunye,776-mercedes-benz-glc-x253,1
1285,markalar,037-ds-automobiles,1
1286,kunye,777-kia-carens-un,1
1287,kunye,778-nissan-primera-p10,1
1288,kronik-arizalar,187-hyundai-i30-gd,10
1289,kunye,779-bmw-i3-i01,1
1290,bakim-takvimi,128-volkswagen-t-cross-mk1,1
1291,kritik-arizalar,123-volkswagen-tiguan-mk1-zincir-gergisi-tsi-ea111,1
1292,kunye,780-renault-zoe-ph1,1
1293,kunye,781-toyota-land-cruiser-j200,1
1294,kunye,782-peugeot-806-mk1,1
1295,kunye,783-ford-tourneo-custom-gen1,1
1296,kronik-arizalar,188-opel-insignia-b,10
1297,kunye,784-hyundai-matrix-fc,1
1298,kunye,785-citroen-ax-mk1,1
1299,bakim-takvimi,129-hyundai-santa-fe-tm,1
1300,kunye,786-opel-meriva-a,1
1301,kritik-arizalar,124-peugeot-rifter-mk1-1-5-bluehdi-eksantrik-zinciri-uzamasi,1
1302,kunye,787-mercedes-benz-citan-w415,1
1303,kronik-arizalar,189-bmw-1-serisi-f20,8
1304,kunye,788-kia-picanto-sa,1
1305,listeler,030-en-az-yakan-marka-jeep,1
1306,kunye,789-nissan-sunny-b13,1
1307,kunye,790-bmw-2-serisi-f22,1
1308,kunye,791-renault-scenic-mk3,1
1309,kronik-arizalar,190-renault-taliant-mk1,10
1310,bakim-takvimi,130-kia-carnival-yp,1
1311,kunye,792-toyota-avensis-t270,1
1312,kritik-arizalar,125-ford-puma-mk1-ecoboost-yag-icinde-triger-kayisi,1
1313,kunye,793-peugeot-605-mk1,1
1314,kunye,794-ford-ecosport-b515,1
1315,kunye,795-hyundai-sonata-nf,1
1316,kronik-arizalar,191-volkswagen-tiguan-mk1,10
1317,kunye,796-citroen-zx-mk1,1
1318,kunye,797-opel-movano-mk1,1
1319,markalar,038-lexus,1
1320,bakim-takvimi,131-audi-a1-8x,1
1321,kunye,798-mercedes-benz-s-serisi-w222,1
1322,kritik-arizalar,126-citroen-c5-aircross-c84-puretech-triger-kayisi,1
1323,kunye,799-kia-optima-mg,1
1324,kronik-arizalar,192-peugeot-partner-k9,6
1325,kunye,800-bmw-2-serisi-active-tourer-f45,1
1326,kunye,801-renault-koleos-mk1,1
1327,kunye,802-toyota-verso-ar20,1
1328,kunye,803-peugeot-205-mk1,1
1329,kunye,804-ford-ka-mk3,1
1330,kronik-arizalar,193-ford-transit-connect-gen2,8
1331,bakim-takvimi,132-volkswagen-transporter-t6,1
1332,kunye,805-hyundai-coupe-gk,1
1333,kritik-arizalar,127-bmw-1-serisi-e87-benzinli-zamanlama-zinciri-gergisi-arizasi,1
1334,kunye,806-citroen-bx-mk1,1
1335,kunye,807-opel-tigra-b,1
1336,kunye,808-mercedes-benz-slk-r172,1
1337,kronik-arizalar,194-hyundai-elantra-cn7,5
1338,kunye,809-kia-sorento-bl,1
1339,kunye,810-bmw-4-serisi-f32,1
1340,bakim-takvimi,133-hyundai-kona-os,1
1341,kunye,811-renault-laguna-mk3,1
1342,kritik-arizalar,128-renault-symbol-mk2-dci-krank-kol-yatagi,1
1343,kunye,812-toyota-proace-gen1,1
1344,kronik-arizalar,195-opel-mokka-a,10
1345,kunye,813-peugeot-405-mk1,1
1346,kunye,814-ford-c-max-gen2,1
1347,kunye,815-hyundai-atos-prime,1
1348,listeler,031-en-az-yakan-marka-honda,1
1349,kunye,816-opel-signum-mk1,1
1350,bakim-takvimi,134-kia-optima-jf,1
1351,kronik-arizalar,196-bmw-x1-f48,10
1352,kunye,817-mercedes-benz-sl-r231,1
1353,kritik-arizalar,129-peugeot-rifter-mk1-puretech-triger-kayisi,1
1354,kunye,818-kia-carens-rs,1
1355,markalar,039-subaru,1
1356,kunye,819-bmw-x6-f16,1
1357,kunye,820-renault-espace-gen4,1
1358,kronik-arizalar,197-renault-captur-mk1,10
1359,kunye,821-toyota-prius-xw30,1
1360,kunye,822-peugeot-309-mk1,1
1361,bakim-takvimi,135-audi-a5-8t,1
1362,kunye,823-ford-ka-mk2,1
1363,kunye,824-hyundai-terracan-hp,1
1364,kritik-arizalar,130-ford-kuga-gen2-ecoboost-antifriz-kaybi-silindir-kapagi,1
1365,kronik-arizalar,198-volkswagen-tiguan-mk2,10
1366,kunye,825-opel-agila-mk1,1
1367,kunye,826-mercedes-benz-gla-x156,1
1368,kunye,827-kia-optima-ms,1
1369,kunye,828-bmw-6-serisi-f12,1
1370,bakim-takvimi,136-volkswagen-transporter-t5,1
1371,kunye,829-renault-latitude-mk1,1
1372,kronik-arizalar,199-peugeot-rifter-mk1,10
1373,kunye,830-toyota-aygo-ab10,1
1374,kritik-arizalar,131-bmw-1-serisi-e87-n47-zamanlama-zinciri,1
1375,kunye,831-ford-s-max-gen1,1
1376,kunye,832-hyundai-h-1-h1,1
1377,kunye,833-opel-frontera-mk2,1
1378,kronik-arizalar,200-ford-mondeo-mk4,10
1379,kunye,834-mercedes-benz-gle-w166,1
1380,bakim-takvimi,137-hyundai-ioniq-ae,1
1381,kunye,835-kia-carnival-kv2,1
1382,kunye,836-bmw-x4-f26,1
1383,kritik-arizalar,132-renault-captur-mk1-tce-1-2-yag-tuketimi,1
1384,kunye,837-renault-trafic-gen2,1
1385,kronik-arizalar,201-hyundai-getz-tb,6
1386,kunye,838-toyota-avensis-t250,1
1387,kunye,839-ford-galaxy-mk2,1
1388,markalar,040-maxus,1
1389,kunye,840-hyundai-santa-fe-sm,1
1390,bakim-takvimi,138-kia-soul-ps,1
1391,kunye,841-opel-omega-b,1
1392,kronik-arizalar,202-opel-vectra-c,10
1393,kunye,842-mercedes-benz-gls-x166,1
1394,listeler,032-en-az-yakan-marka-suzuki,1
1395,kunye,843-kia-shuma-mk1,1
1396,kritik-arizalar,133-peugeot-5008-p87-puretech-triger-kayisi,1
1397,kunye,844-bmw-x5-f15,1
1398,kunye,845-renault-master-gen2,1
1399,kronik-arizalar,203-renault-captur-mk2,10
1400,kunye,846-toyota-verso-ar10,1
1401,bakim-takvimi,139-volkswagen-taigo-mk1,1
1402,kunye,847-ford-fusion-mk1,1
1403,kunye,848-hyundai-sonata-ef,1
1404,kunye,849-opel-tigra-a,1
1405,kritik-arizalar,134-ford-transit-courier-gen2-ecoboost-sogutma-hortumu-hararet,1
1406,kronik-arizalar,204-volkswagen-tiguan-mk3,8
1407,kunye,850-mercedes-benz-b-serisi-w246,1
1408,kunye,851-kia-clarus-mk1,1
1409,kunye,852-bmw-x3-f25,1
1410,bakim-takvimi,140-hyundai-santa-fe-dm,1
1411,kunye,853-renault-scenic-mk2,1
1412,kunye,854-toyota-prius-xw20,1
1413,kronik-arizalar,205-peugeot-207-mk1,10
1414,kunye,855-ford-c-max-gen1,1
1415,kritik-arizalar,135-bmw-1-serisi-f20-n47-zamanlama-zinciri,1
1416,kunye,856-hyundai-atos-mx,1
1417,kunye,857-opel-frontera-mk1,1
1418,kunye,858-mercedes-benz-cls-c218,1
1419,kronik-arizalar,206-ford-mondeo-mk3,8
1420,kunye,859-bmw-z4-e89,1
1421,bakim-takvimi,141-kia-venga-yn,1
1422,kunye,860-renault-laguna-mk2,1
1423,kunye,861-toyota-land-cruiser-prado-j120,1
1424,markalar,041-forthing,1
1425,kunye,862-ford-ka-mk1,1
1426,kritik-arizalar,136-renault-kangoo-mk1-dci-krank-kol-yatagi,1
1427,kronik-arizalar,207-opel-zafira-b,10
1428,kunye,863-hyundai-coupe-rd,1
1429,kunye,864-opel-omega-a,1
1430,kunye,865-mercedes-benz-g-serisi-w463,1
1431,bakim-takvimi,142-volkswagen-touareg-mk3,1
1432,kunye,866-bmw-7-serisi-f01,1
1433,kronik-arizalar,208-renault-austral-mk1,10
1434,kunye,867-renault-scenic-mk1,1
1435,kunye,868-toyota-land-cruiser-j100,1
1436,kritik-arizalar,137-ford-transit-courier-gen2-ecoboost-yag-icinde-triger-kayisi,1
1437,listeler,033-en-az-yakan-marka-seat,1
1438,kunye,869-ford-maverick-gen2,1
1439,kunye,870-hyundai-sonata-y3,1
1440,kronik-arizalar,209-volkswagen-t-roc-mk1,10
1441,kunye,871-mercedes-benz-ml-w166,1
1442,bakim-takvimi,143-hyundai-sonata-yf,1
1443,kunye,872-bmw-x6-e71,1
1444,kunye,873-renault-espace-gen3,1
1445,kunye,874-toyota-camry-xv30,1
1446,kronik-arizalar,210-peugeot-5008-p87,10
1447,kunye,875-ford-galaxy-mk1,1
1448,kritik-arizalar,138-renault-kangoo-mk2-dci-krank-kol-yatagi,1
1449,kunye,876-hyundai-sonata-y2,1
1450,kunye,877-mercedes-benz-v-serisi-w639,1
1451,bakim-takvimi,144-kia-carens-rp,1
1452,kunye,878-bmw-x5-e70,1
1453,kunye,879-renault-r19-europa,1
1454,kronik-arizalar,211-ford-tourneo-connect-gen2,10
1455,kunye,880-toyota-celica-t230,1
1456,kunye,881-ford-escort-mk6,1
1457,kritik-arizalar,139-ford-transit-courier-gen1-ecoboost-sogutma-hortumu-hararet,1
1458,kunye,882-mercedes-benz-vito-w639,1
1459,markalar,042-swm,1
1460,kunye,883-bmw-6-serisi-e63,1
1461,kronik-arizalar,212-opel-combo-e,8
1462,bakim-takvimi,145-volkswagen-touran-mk2,1
1463,kunye,884-renault-safrane-mk1,1
1464,kunye,885-toyota-avensis-t220,1
1465,kunye,886-ford-explorer-gen2,1
1466,kunye,887-mercedes-benz-s-serisi-w221,1
1467,kronik-arizalar,213-renault-kangoo-mk1,10
1468,kritik-arizalar,140-ford-transit-courier-gen1-ecoboost-yag-icinde-triger-kayisi,1
1469,kunye,888-bmw-x3-e83,1
1470,kunye,889-renault-laguna-mk1,1
1471,bakim-takvimi,146-kia-picanto-ta,1
1472,kunye,890-toyota-prius-xw10,1
1473,kunye,891-ford-scorpio-mk2,1
1474,kronik-arizalar,214-volkswagen-caddy-mk5,9
1475,kunye,892-mercedes-benz-gls-x164,1
1476,kunye,893-bmw-7-serisi-e65,1
1477,kunye,894-renault-r12-toros-toros,1
1478,kritik-arizalar,141-ford-tourneo-courier-gen1-ecoboost-sogutma-hortumu-hararet,1
1479,kunye,895-toyota-camry-xv20,1
1480,listeler,034-en-az-yakan-marka-land-rover,1
1481,bakim-takvimi,147-volkswagen-arteon-mk1,1
1482,kronik-arizalar,215-peugeot-307-mk1,10
1483,kunye,896-ford-maverick-gen1,1
1484,kunye,897-mercedes-benz-b-serisi-w245,1
1485,kunye,898-bmw-z4-e85,1
1486,kunye,899-renault-r21-manager,1
1487,kunye,900-toyota-land-cruiser-prado-j90,1
1488,kronik-arizalar,216-ford-ranger-p703,5
1489,kritik-arizalar,142-ford-tourneo-courier-gen1-ecoboost-yag-icinde-triger-kayisi,1
1490,kunye,901-ford-escort-mk5,1
1491,bakim-takvimi,148-kia-optima-tf,1
1492,kunye,902-mercedes-benz-slk-r171,1
1493,kunye,903-bmw-x5-e53,1
1494,markalar,043-skywell,1
1495,kunye,904-renault-espace-gen2,1
1496,kronik-arizalar,217-renault-kangoo-mk3,10
1497,kunye,905-toyota-supra-a80,1
1498,kunye,906-ford-scorpio-mk1,1
1499,kritik-arizalar,143-ford-tourneo-courier-gen2-ecoboost-sogutma-hortumu-hararet,1
1500,kunye,907-mercedes-benz-sl-r230,1
1501,bakim-takvimi,149-volkswagen-amarok-mk1,1
1502,kunye,908-bmw-z3-e36-7,1
1503,kronik-arizalar,218-volkswagen-t-cross-mk1,9
1504,kunye,909-renault-r19-mk1,1
1505,kunye,910-toyota-starlet-p90,1
1506,kunye,911-ford-explorer-gen1,1
1507,kunye,912-mercedes-benz-ml-w164,1
1508,kronik-arizalar,219-peugeot-206-mk1,10
1509,kunye,913-bmw-7-serisi-e38,1
1510,kritik-arizalar,144-ford-tourneo-courier-gen2-ecoboost-yag-icinde-triger-kayisi,1
1511,kunye,914-toyota-celica-t200,1
1512,bakim-takvimi,150-kia-sorento-xm,1
1513,kunye,915-ford-sierra-mk1,1
1514,kunye,916-mercedes-benz-cls-c219,1
1515,kronik-arizalar,220-renault-kangoo-mk2,8
1516,kunye,917-bmw-8-serisi-e31,1
1517,kunye,918-toyota-corona-t190,1
1518,kunye,919-mercedes-benz-clk-w209,1
1519,kritik-arizalar,145-ford-mondeo-mk4-1-6-ecoboost-sogutma-sivisi-kaybi,1
1520,kunye,920-bmw-7-serisi-e32,1
1521,bakim-takvimi,151-volkswagen-touareg-mk2,1
1522,kronik-arizalar,221-volkswagen-transporter-t6,6
1523,kunye,921-toyota-carina-t190,1
1524,kunye,922-mercedes-benz-s-serisi-w220,1
1525,listeler,035-en-az-yakan-marka-lexus,1
1526,kunye,923-toyota-land-cruiser-j80,1
1527,kunye,924-mercedes-benz-ml-w163,1
1528,markalar,044-dfsk,1
1529,kunye,925-toyota-camry-xv10,1
1530,kronik-arizalar,222-peugeot-306-mk1,10
1531,kritik-arizalar,146-ford-tourneo-connect-gen2-ecoboost-sogutma-hortumu-hararet,1
1532,kunye,926-mercedes-benz-slk-r170,1
1533,bakim-takvimi,152-kia-soul-am,1
1534,kunye,927-toyota-starlet-p80,1
1535,kunye,928-mercedes-benz-v-serisi-w638,1
1536,kunye,929-toyota-carina-t170,1
1537,kronik-arizalar,223-renault-kadjar-mk1,10
1538,kunye,930-mercedes-benz-vito-w638,1
1539,kunye,931-toyota-camry-v20,1
1540,kunye,932-mercedes-benz-clk-w208,1
1541,kritik-arizalar,147-ford-tourneo-connect-gen2-ecoboost-yag-icinde-triger-kayisi,1
1542,bakim-takvimi,153-volkswagen-scirocco-mk3,1
1543,kunye,933-mercedes-benz-sl-r129,1
1544,kronik-arizalar,224-peugeot-406-mk1,10
1545,kunye,934-mercedes-benz-s-serisi-w140,1
1546,kunye,935-mercedes-benz-190-w201,1
