video,parca,sanatci,lisans,baslangic_sn
karsilastirma/001-karsilastir-egea-mk1-taliant-mk1.mp4,Faster Does It,Kevin MacLeod (incompetech.com),CC BY 4.0,0
karsilastirma/002-karsilastir-clio-mk5-208-p21.mp4,Vibing Over Venus,Kevin MacLeod (incompetech.com),CC BY 4.0,0.5
karsilastirma/003-karsilastir-c-hr-ax10-qashqai-j11.mp4,Limit 70,Kevin MacLeod (incompetech.com),CC BY 4.0,27
karsilastirma/004-karsilastir-3008-p84-tiguan-mk2.mp4,Chee Zee Beach,Kevin MacLeod (incompetech.com),CC BY 4.0,0
karsilastirma/005-karsilastir-i20-bc3-clio-mk5.mp4,Crinoline Dreams,Kevin MacLeod (incompetech.com),CC BY 4.0,0.5
karsilastirma/006-karsilastir-t10x-mk1-model-y-mk1.mp4,Flutey Funk,Kevin MacLeod (incompetech.com),CC BY 4.0,0.5
karsilastirma/007-karsilastir-tucson-nx4-sportage-nq5.mp4,Stringed Disco,Kevin MacLeod (incompetech.com),CC BY 4.0,4
karsilastirma/008-karsilastir-focus-mk3-astra-j.mp4,Motherlode,Kevin MacLeod (incompetech.com),CC BY 4.0,2
karsilastirma/009-karsilastir-civic-fc-corolla-e210.mp4,Cool Blast,Kevin MacLeod (incompetech.com),CC BY 4.0,3.5
karsilastirma/010-karsilastir-golf-mk7-astra-k.mp4,Kumasi Groove (plus flugelhorn),Kevin MacLeod (incompetech.com),CC BY 4.0,19
karsilastirma/011-karsilastir-doblo-gen2-kangoo-mk2.mp4,Backed Vibes (clean),Kevin MacLeod (incompetech.com),CC BY 4.0,0
karsilastirma/012-karsilastir-3-serisi-f30-c-serisi-w205.mp4,Matt's Blues,Kevin MacLeod (incompetech.com),CC BY 4.0,2.5
karsilastirma/013-karsilastir-octavia-mk3-focus-mk3.mp4,Jaunty Gumption,Kevin MacLeod (incompetech.com),CC BY 4.0,0
karsilastirma/014-karsilastir-tiggo-7-pro-mk1-qashqai-j12.mp4,Disco con Tutti,Kevin MacLeod (incompetech.com),CC BY 4.0,2.5
karsilastirma/015-karsilastir-atto-3-mk1-t10x-mk1.mp4,Honey Bee,Kevin MacLeod (incompetech.com),CC BY 4.0,0
karsilastirma/016-karsilastir-megane-mk4-egea-mk1.mp4,Bass Vibes,Kevin MacLeod (incompetech.com),CC BY 4.0,0
karsilastirma/017-karsilastir-duster-mk2-captur-mk2.mp4,Bit Shift,Kevin MacLeod (incompetech.com),CC BY 4.0,0
karsilastirma/018-karsilastir-2008-p24-t-roc-mk1.mp4,Apero Hour,Kevin MacLeod (incompetech.com),CC BY 4.0,9.5
karsilastirma/019-karsilastir-c-elysee-mk1-symbol-mk3.mp4,Balloon Game,Kevin MacLeod (incompetech.com),CC BY 4.0,0
karsilastirma/020-karsilastir-accent-rb-linea-mk1.mp4,Eternity,Kevin MacLeod (incompetech.com),CC BY 4.0,1
karsilastirma/021-karsilastir-transit-courier-gen1-fiorino-gen3.mp4,Enter the Party,Kevin MacLeod (incompetech.com),CC BY 4.0,10
kronik-arizalar/001-ariza-renault-clio-mk4.mp4,Life of Riley,Kevin MacLeod (incompetech.com),CC BY 4.0,1
kronik-arizalar/002-ariza-fiat-egea-mk1.mp4,Digital Lemonade,Kevin MacLeod (incompetech.com),CC BY 4.0,1
kronik-arizalar/003-ariza-volkswagen-golf-mk7.mp4,Special Spotlight,Kevin MacLeod (incompetech.com),CC BY 4.0,1.5
kronik-arizalar/004-ariza-toyota-corolla-e120.mp4,Sunflower Dance Party,Kevin MacLeod (incompetech.com),CC BY 4.0,17.5
kronik-arizalar/005-ariza-peugeot-3008-p84.mp4,Hustle,Kevin MacLeod (incompetech.com),CC BY 4.0,0
kronik-arizalar/006-ariza-ford-focus-mk3.mp4,Airport Lounge,Kevin MacLeod (incompetech.com),CC BY 4.0,0
kronik-arizalar/007-ariza-hyundai-i20-pb.mp4,Whiskey on the Mississippi,Kevin MacLeod (incompetech.com),CC BY 4.0,95
kronik-arizalar/008-ariza-citroen-c-elysee-mk1.mp4,Dubakupado,Kevin MacLeod (incompetech.com),CC BY 4.0,1
kronik-arizalar/009-ariza-opel-astra-j.mp4,Fork and Spoon,Kevin MacLeod (incompetech.com),CC BY 4.0,6
kronik-arizalar/010-ariza-skoda-octavia-mk4.mp4,Back on Track,Kevin MacLeod (incompetech.com),CC BY 4.0,0
kronik-arizalar/011-ariza-mercedes-benz-c-serisi-w203.mp4,Welcome to the Show,Kevin MacLeod (incompetech.com),CC BY 4.0,0
kronik-arizalar/012-ariza-kia-sportage-sl.mp4,Peppy Pepe,Kevin MacLeod (incompetech.com),CC BY 4.0,0
kronik-arizalar/013-ariza-chery-tiggo-7-pro-mk1.mp4,Wepa,Kevin MacLeod (incompetech.com),CC BY 4.0,0.5
kronik-arizalar/014-ariza-nissan-qashqai-j11.mp4,Tafi Maradi no voice,Kevin MacLeod (incompetech.com),CC BY 4.0,0
kronik-arizalar/015-ariza-bmw-3-serisi-f30.mp4,Backbay Lounge,Kevin MacLeod (incompetech.com),CC BY 4.0,0.5
kronik-arizalar/016-ariza-volvo-xc60-spa.mp4,Notanico Merengue,Kevin MacLeod (incompetech.com),CC BY 4.0,5.5
kronik-arizalar/017-ariza-audi-a3-8y.mp4,Verano Sensual,Kevin MacLeod (incompetech.com),CC BY 4.0,3.5
kronik-arizalar/018-ariza-dacia-duster-mk2.mp4,Eighties Action,Kevin MacLeod (incompetech.com),CC BY 4.0,57.5
kronik-arizalar/019-ariza-jeep-compass-mp.mp4,OctoBlues,Kevin MacLeod (incompetech.com),CC BY 4.0,0
kronik-arizalar/020-ariza-honda-civic-fb.mp4,Werq,Kevin MacLeod (incompetech.com),CC BY 4.0,0
kronik-arizalar/021-ariza-tesla-model-y-mk1.mp4,Funky Boxstep,Kevin MacLeod (incompetech.com),CC BY 4.0,3.5
kronik-arizalar/022-ariza-suzuki-vitara-ly.mp4,Beauty Flow,Kevin MacLeod (incompetech.com),CC BY 4.0,0
kronik-arizalar/023-ariza-seat-leon-mk3.mp4,Celebration,Kevin MacLeod (incompetech.com),CC BY 4.0,1
kronik-arizalar/024-ariza-mg-zs-mk1.mp4,Brain Dance,Kevin MacLeod (incompetech.com),CC BY 4.0,1
kronik-arizalar/025-ariza-renault-clio-mk2.mp4,Cruising for Goblins,Kevin MacLeod (incompetech.com),CC BY 4.0,0
kronik-arizalar/026-ariza-fiat-linea-mk1.mp4,Disco Medusae,Kevin MacLeod (incompetech.com),CC BY 4.0,3
kronik-arizalar/027-ariza-volkswagen-golf-mk5.mp4,Cyborg Ninja,Kevin MacLeod (incompetech.com),CC BY 4.0,0
kronik-arizalar/028-ariza-toyota-corolla-e210.mp4,Highlight Reel,Kevin MacLeod (incompetech.com),CC BY 4.0,0
kronik-arizalar/029-ariza-peugeot-3008-p64.mp4,I Feel You,Kevin MacLeod (incompetech.com),CC BY 4.0,15.5
kronik-arizalar/030-ariza-ford-focus-mk4.mp4,Delay Rock,Kevin MacLeod (incompetech.com),CC BY 4.0,0.5
kronik-arizalar/031-ariza-hyundai-i20-bc3.mp4,Surf Shimmy,Kevin MacLeod (incompetech.com),CC BY 4.0,1.5
kronik-arizalar/032-ariza-citroen-c3-cc21.mp4,Pookatori and Friends,Kevin MacLeod (incompetech.com),CC BY 4.0,0
kronik-arizalar/033-ariza-opel-astra-h.mp4,Inspired,Kevin MacLeod (incompetech.com),CC BY 4.0,0
kronik-arizalar/034-ariza-skoda-octavia-mk3.mp4,Surf Inspector,Kevin MacLeod (incompetech.com),CC BY 4.0,0
kronik-arizalar/035-ariza-mercedes-benz-c-serisi-w205.mp4,No Frills Salsa,Kevin MacLeod (incompetech.com),CC BY 4.0,22.5
kronik-arizalar/036-ariza-kia-sportage-nq5.mp4,Bit Quest,Kevin MacLeod (incompetech.com),CC BY 4.0,18.5
kronik-arizalar/037-ariza-chery-tiggo-8-pro-mk1.mp4,Kawai Kitsune,Kevin MacLeod (incompetech.com),CC BY 4.0,24
kronik-arizalar/038-ariza-nissan-qashqai-j12.mp4,Blip Stream,Kevin MacLeod (incompetech.com),CC BY 4.0,24
kronik-arizalar/039-ariza-bmw-3-serisi-e36.mp4,Sock Hop,Kevin MacLeod (incompetech.com),CC BY 4.0,7
kronik-arizalar/040-ariza-volvo-xc40-cma.mp4,Happy Alley,Kevin MacLeod (incompetech.com),CC BY 4.0,6
kronik-arizalar/041-ariza-audi-a3-8p.mp4,Happy Bee,Kevin MacLeod (incompetech.com),CC BY 4.0,0
kronik-arizalar/042-ariza-dacia-duster-mk1.mp4,Electrodoodle,Kevin MacLeod (incompetech.com),CC BY 4.0,0
kronik-arizalar/043-ariza-jeep-renegade-bu.mp4,Bumba Crossing,Kevin MacLeod (incompetech.com),CC BY 4.0,1
kronik-arizalar/044-ariza-honda-civic-fc.mp4,Double O,Kevin MacLeod (incompetech.com),CC BY 4.0,0
kronik-arizalar/045-ariza-seat-leon-mk4.mp4,Awesome Call,Kevin MacLeod (incompetech.com),CC BY 4.0,7
kronik-arizalar/046-ariza-renault-clio-mk5.mp4,Laserpack,Kevin MacLeod (incompetech.com),CC BY 4.0,14
kronik-arizalar/047-ariza-fiat-doblo-gen1.mp4,Aitech,Kevin MacLeod (incompetech.com),CC BY 4.0,8
kronik-arizalar/048-ariza-volkswagen-golf-mk6.mp4,Pinball Spring 160,Kevin MacLeod (incompetech.com),CC BY 4.0,10.5
kronik-arizalar/049-ariza-toyota-corolla-e140.mp4,Itty Bitty 8 Bit,Kevin MacLeod (incompetech.com),CC BY 4.0,0
kronik-arizalar/050-ariza-peugeot-2008-a94.mp4,Show Your Moves,Kevin MacLeod (incompetech.com),CC BY 4.0,15
kronik-arizalar/051-ariza-ford-focus-mk2.mp4,Cold Funk,Kevin MacLeod (incompetech.com),CC BY 4.0,10
kronik-arizalar/052-ariza-hyundai-i20-gb.mp4,Pure Attitude,Kevin MacLeod (incompetech.com),CC BY 4.0,8
kronik-arizalar/053-ariza-citroen-c3-sx.mp4,Getting it Done,Kevin MacLeod (incompetech.com),CC BY 4.0,0
kronik-arizalar/054-ariza-opel-astra-l.mp4,Energizing,Kevin MacLeod (incompetech.com),CC BY 4.0,37
kronik-arizalar/055-ariza-skoda-octavia-mk2.mp4,No Frills Comparsa,Kevin MacLeod (incompetech.com),CC BY 4.0,7.5
kronik-arizalar/056-ariza-mercedes-benz-c-serisi-w204.mp4,No Good Layabout,Kevin MacLeod (incompetech.com),CC BY 4.0,0.5
kronik-arizalar/057-ariza-kia-sportage-ql.mp4,Malt Shop Bop,Kevin MacLeod (incompetech.com),CC BY 4.0,2.5
kronik-arizalar/058-ariza-nissan-qashqai-j10.mp4,Miami Viceroy,Kevin MacLeod (incompetech.com),CC BY 4.0,0.5
kronik-arizalar/059-ariza-bmw-3-serisi-e46.mp4,Dance Monster,Kevin MacLeod (incompetech.com),CC BY 4.0,20
kronik-arizalar/060-ariza-audi-a3-8v.mp4,Cipher,Kevin MacLeod (incompetech.com),CC BY 4.0,15
kunye/001-kunye-renault-clio-mk4.mp4,Wagon Wheel - Electronic,Kevin MacLeod (incompetech.com),CC BY 4.0,0
kunye/002-kunye-fiat-egea-mk1.mp4,Theme for Harold (var. 2),Kevin MacLeod (incompetech.com),CC BY 4.0,1.5
kunye/003-kunye-volkswagen-golf-mk7.mp4,Casa Bossa Nova,Kevin MacLeod (incompetech.com),CC BY 4.0,6
kunye/004-kunye-toyota-corolla-e120.mp4,Feelin Good,Kevin MacLeod (incompetech.com),CC BY 4.0,0.5
kunye/005-kunye-peugeot-3008-p84.mp4,Quirky Dog,Kevin MacLeod (incompetech.com),CC BY 4.0,5.5
kunye/006-kunye-ford-focus-mk3.mp4,Android Sock Hop,Kevin MacLeod (incompetech.com),CC BY 4.0,2
kunye/007-kunye-hyundai-i20-pb.mp4,Move Forward,Kevin MacLeod (incompetech.com),CC BY 4.0,0
kunye/008-kunye-citroen-c-elysee-mk1.mp4,Funky Chunk,Kevin MacLeod (incompetech.com),CC BY 4.0,1
kunye/009-kunye-opel-astra-j.mp4,Theme for Harold (var. 1),Kevin MacLeod (incompetech.com),CC BY 4.0,2
kunye/010-kunye-togg-t10f-mk1.mp4,Funkorama,Kevin MacLeod (incompetech.com),CC BY 4.0,8.5
kunye/011-kunye-skoda-fabia-mk2.mp4,Ultralounge,Kevin MacLeod (incompetech.com),CC BY 4.0,7
kunye/012-kunye-mercedes-benz-c-serisi-w203.mp4,No Frills Salsa - Alternate,Kevin MacLeod (incompetech.com),CC BY 4.0,16
kunye/013-kunye-kia-sportage-sl.mp4,Backed Vibes,Kevin MacLeod (incompetech.com),CC BY 4.0,0
kunye/014-kunye-nissan-qashqai-j11.mp4,Raving Energy (faster),Kevin MacLeod (incompetech.com),CC BY 4.0,0
kunye/015-kunye-bmw-3-serisi-f30.mp4,Vibe Ace,Kevin MacLeod (incompetech.com),CC BY 4.0,13
kunye/016-kunye-kg-mobility-rexton-mk1.mp4,Trouble with Tribals,Kevin MacLeod (incompetech.com),CC BY 4.0,2
kunye/017-kunye-volvo-xc60-spa.mp4,Raving Energy,Kevin MacLeod (incompetech.com),CC BY 4.0,0
kunye/018-kunye-audi-a6-c8.mp4,How it Begins,Kevin MacLeod (incompetech.com),CC BY 4.0,2.5
kunye/019-kunye-dacia-duster-mk2.mp4,Zazie,Kevin MacLeod (incompetech.com),CC BY 4.0,0
kunye/020-kunye-byd-seal-u-mk1.mp4,Aerosol of my Love,Kevin MacLeod (incompetech.com),CC BY 4.0,0
kunye/021-kunye-jeep-compass-mp.mp4,Chill Wave,Kevin MacLeod (incompetech.com),CC BY 4.0,1
kunye/022-kunye-honda-civic-fb.mp4,Space Jazz,Kevin MacLeod (incompetech.com),CC BY 4.0,2
kunye/023-kunye-cupra-terramar-mk1.mp4,Presenterator,Kevin MacLeod (incompetech.com),CC BY 4.0,0
kunye/024-kunye-tesla-model-y-mk1.mp4,Carnivale Intrigue,Kevin MacLeod (incompetech.com),CC BY 4.0,0
kunye/025-kunye-mini-cooper-f66.mp4,Hypnothis,Kevin MacLeod (incompetech.com),CC BY 4.0,0
kunye/026-kunye-suzuki-vitara-ly.mp4,Protofunk,Kevin MacLeod (incompetech.com),CC BY 4.0,7.5
kunye/027-kunye-seat-ibiza-mk4.mp4,Local Forecast,Kevin MacLeod (incompetech.com),CC BY 4.0,0
kunye/028-kunye-iveco-daily-mk1.mp4,Mining by Moonlight,Kevin MacLeod (incompetech.com),CC BY 4.0,1
kunye/029-kunye-mg-zs-mk1.mp4,Aurea Carmina,Kevin MacLeod (incompetech.com),CC BY 4.0,0
kunye/030-kunye-land-rover-defender-l663.mp4,EDM Detection Mode,Kevin MacLeod (incompetech.com),CC BY 4.0,14.5
kunye/031-kunye-isuzu-d-max-mk1.mp4,Somewhere Sunny,Kevin MacLeod (incompetech.com),CC BY 4.0,0.5
kunye/032-kunye-porsche-cayenne-9ya.mp4,Super Friendly,Kevin MacLeod (incompetech.com),CC BY 4.0,13
kunye/033-kunye-alfa-romeo-giulia-tipo952.mp4,Klockworx,Kevin MacLeod (incompetech.com),CC BY 4.0,59
kunye/034-kunye-ds-automobiles-ds3-d34.mp4,In Your Arms,Kevin MacLeod (incompetech.com),CC BY 4.0,5
kunye/035-kunye-lexus-ls-f50.mp4,Sunshine,Kevin MacLeod (incompetech.com),CC BY 4.0,10.5
kunye/036-kunye-subaru-forester-sk.mp4,Pinball Spring,Kevin MacLeod (incompetech.com),CC BY 4.0,15
kunye/037-kunye-tofas-sahin-mk1.mp4,Voxel Revolution,Kevin MacLeod (incompetech.com),CC BY 4.0,13
kunye/038-kunye-renault-clio-mk2.mp4,George Street Shuffle,Kevin MacLeod (incompetech.com),CC BY 4.0,5
kunye/039-kunye-fiat-linea-mk1.mp4,Delightful D,Kevin MacLeod (incompetech.com),CC BY 4.0,0
kunye/040-kunye-volkswagen-jetta-mk5.mp4,New Friendly,Kevin MacLeod (incompetech.com),CC BY 4.0,16.5
kunye/041-kunye-toyota-corolla-e210.mp4,Blue Ska,Kevin MacLeod (incompetech.com),CC BY 4.0,0
kunye/042-kunye-peugeot-3008-p64.mp4,Upbeat Forever,Kevin MacLeod (incompetech.com),CC BY 4.0,1
kunye/043-kunye-ford-focus-mk4.mp4,No Frills Cumbia,Kevin MacLeod (incompetech.com),CC BY 4.0,3.5
kunye/044-kunye-hyundai-i20-bc3.mp4,Disco Lounge,Kevin MacLeod (incompetech.com),CC BY 4.0,16.5
kunye/045-kunye-citroen-c3-cc21.mp4,Gonna Start v2,Kevin MacLeod (incompetech.com),CC BY 4.0,12
kunye/046-kunye-opel-astra-h.mp4,Twisted,Kevin MacLeod (incompetech.com),CC BY 4.0,0
kunye/047-kunye-skoda-kodiaq-mk2.mp4,Whimsy Groove,Kevin MacLeod (incompetech.com),CC BY 4.0,18.5
kunye/048-kunye-mercedes-benz-c-serisi-w205.mp4,Exit the Premises,Kevin MacLeod (incompetech.com),CC BY 4.0,7.5
kunye/049-kunye-kia-sportage-nq5.mp4,Sidewalk Shade - slower,Kevin MacLeod (incompetech.com),CC BY 4.0,0.5
kunye/050-kunye-nissan-qashqai-j12.mp4,Who Likes to Party,Kevin MacLeod (incompetech.com),CC BY 4.0,0
kunye/051-kunye-bmw-3-serisi-e36.mp4,Doobly Doo,Kevin MacLeod (incompetech.com),CC BY 4.0,0
kunye/052-kunye-kg-mobility-korando-mk1.mp4,Jerry Five,Kevin MacLeod (incompetech.com),CC BY 4.0,0
kunye/053-kunye-volvo-xc40-cma.mp4,Motivator,Kevin MacLeod (incompetech.com),CC BY 4.0,0
kunye/054-kunye-audi-a6-c6.mp4,Deep and Dirty,Kevin MacLeod (incompetech.com),CC BY 4.0,0
kunye/055-kunye-dacia-duster-mk1.mp4,Pilot Error,Kevin MacLeod (incompetech.com),CC BY 4.0,7.5
kunye/056-kunye-byd-dolphin-mk1.mp4,Digya,Kevin MacLeod (incompetech.com),CC BY 4.0,0
kunye/057-kunye-jeep-renegade-bu.mp4,Jazz Brunch,Kevin MacLeod (incompetech.com),CC BY 4.0,8.5
kunye/058-kunye-honda-civic-fe.mp4,Electro Cabello,Kevin MacLeod (incompetech.com),CC BY 4.0,0
kunye/059-kunye-tesla-model-3-mk1.mp4,Somewhere Sunny (ver 2),Kevin MacLeod (incompetech.com),CC BY 4.0,0
kunye/060-kunye-mini-countryman-u25.mp4,Funin and Sunin,Kevin MacLeod (incompetech.com),CC BY 4.0,0.5
listeler/001-en-az-yakan-suv.mp4,Newer Wave,Kevin MacLeod (incompetech.com),CC BY 4.0,2
listeler/002-en-az-yakan-hatchback.mp4,Night in Venice,Kevin MacLeod (incompetech.com),CC BY 4.0,2
listeler/003-en-az-yakan-sedan.mp4,Rhinoceros,Kevin MacLeod (incompetech.com),CC BY 4.0,30.5
listeler/004-en-az-yakan-ticari.mp4,Furious Freak,Kevin MacLeod (incompetech.com),CC BY 4.0,45.5
listeler/005-en-az-yakan-station.mp4,Pamgaea,Kevin MacLeod (incompetech.com),CC BY 4.0,0
listeler/006-en-az-yakan-mpv.mp4,Nowhere Land,Kevin MacLeod (incompetech.com),CC BY 4.0,0
listeler/007-en-az-yakan-pickup.mp4,Silly Fun,Kevin MacLeod (incompetech.com),CC BY 4.0,0.5
listeler/008-en-az-yakan-dizel.mp4,Smooth Move,Kevin MacLeod (incompetech.com),CC BY 4.0,0
listeler/009-en-az-yakan-benzin.mp4,Killing Time,Kevin MacLeod (incompetech.com),CC BY 4.0,0
listeler/010-en-az-yakan-hibrit.mp4,Fantasia Fantasia,Kevin MacLeod (incompetech.com),CC BY 4.0,1.5
listeler/011-en-uzun-menzil.mp4,Your Call,Kevin MacLeod (incompetech.com),CC BY 4.0,0
listeler/012-en-az-yakan-marka-renault.mp4,Glitter Blast,Kevin MacLeod (incompetech.com),CC BY 4.0,0
listeler/013-en-az-yakan-marka-fiat.mp4,Happy Bee - Surf,Kevin MacLeod (incompetech.com),CC BY 4.0,0
listeler/014-en-az-yakan-marka-volkswagen.mp4,Ether Disco,Kevin MacLeod (incompetech.com),CC BY 4.0,0
listeler/015-en-az-yakan-marka-toyota.mp4,Long Time Coming,Kevin MacLeod (incompetech.com),CC BY 4.0,19.5
listeler/016-en-az-yakan-marka-peugeot.mp4,Adding the Sun,Kevin MacLeod (incompetech.com),CC BY 4.0,5
listeler/017-en-az-yakan-marka-ford.mp4,Future Cha Cha,Kevin MacLeod (incompetech.com),CC BY 4.0,48
listeler/018-en-az-yakan-marka-hyundai.mp4,Riptide,Kevin MacLeod (incompetech.com),CC BY 4.0,0.5
listeler/019-en-az-yakan-marka-citroen.mp4,Fuzzball Parade,Kevin MacLeod (incompetech.com),CC BY 4.0,1.5
listeler/020-en-az-yakan-marka-opel.mp4,Loopster,Kevin MacLeod (incompetech.com),CC BY 4.0,1.5
listeler/021-en-az-yakan-marka-skoda.mp4,Realizer,Kevin MacLeod (incompetech.com),CC BY 4.0,0
listeler/022-en-az-yakan-marka-mercedes-benz.mp4,Bummin on Tremelo,Kevin MacLeod (incompetech.com),CC BY 4.0,1.5
listeler/023-en-az-yakan-marka-kia.mp4,Nile's Blues,Kevin MacLeod (incompetech.com),CC BY 4.0,2.5
listeler/024-en-az-yakan-marka-nissan.mp4,Modern Jazz Samba,Kevin MacLeod (incompetech.com),CC BY 4.0,10.5
listeler/025-en-az-yakan-marka-bmw.mp4,Sidewalk Shade,Kevin MacLeod (incompetech.com),CC BY 4.0,0.5
listeler/026-en-az-yakan-marka-kg-mobility.mp4,Voltaic,Kevin MacLeod (incompetech.com),CC BY 4.0,2
listeler/027-en-az-yakan-marka-volvo.mp4,Mighty Like Us,Kevin MacLeod (incompetech.com),CC BY 4.0,0.5
listeler/028-en-az-yakan-marka-audi.mp4,C-Funk,Kevin MacLeod (incompetech.com),CC BY 4.0,3.5
listeler/029-en-az-yakan-marka-dacia.mp4,Long Stroll,Kevin MacLeod (incompetech.com),CC BY 4.0,12.5
listeler/030-en-az-yakan-marka-jeep.mp4,Vegas Glitz,Kevin MacLeod (incompetech.com),CC BY 4.0,12
listeler/031-en-az-yakan-marka-honda.mp4,Got Funk,Kevin MacLeod (incompetech.com),CC BY 4.0,0
listeler/032-en-az-yakan-marka-suzuki.mp4,Reformat,Kevin MacLeod (incompetech.com),CC BY 4.0,0
listeler/033-en-az-yakan-marka-seat.mp4,Hep Cats,Kevin MacLeod (incompetech.com),CC BY 4.0,0
listeler/034-en-az-yakan-marka-land-rover.mp4,Trips It,Kevin MacLeod (incompetech.com),CC BY 4.0,0
listeler/035-en-az-yakan-marka-lexus.mp4,Style Funk,Kevin MacLeod (incompetech.com),CC BY 4.0,0
