sira,seri,video,kapak,aciklama,ilk_satir
1,kronik-arizalar,kronik-arizalar/001-ariza-renault-clio-mk4.mp4,kronik-arizalar/001-ariza-renault-clio-mk4-kapak.jpg,kronik-arizalar/001-ariza-renault-clio-mk4.txt,Renault Clio Mk4 (X98 kasa · 2012–2019) almadan önce bilmeniz gereken 4 kronik arıza:
2,listeler,listeler/001-en-az-yakan-suv.mp4,listeler/001-en-az-yakan-suv-kapak.jpg,listeler/001-en-az-yakan-suv.txt,Bugün alınabilecek SUV modelleri içinde yakıtı en az olan beşi.
3,karsilastirma,karsilastirma/001-karsilastir-egea-mk1-taliant-mk1.mp4,karsilastirma/001-karsilastir-egea-mk1-taliant-mk1-kapak.jpg,karsilastirma/001-karsilastir-egea-mk1-taliant-mk1.txt,"Egea mı, Taliant mı? Fiat Egea (1.0 Firefly 100 HP Manuel) ile Renault Taliant (1.0 TCe 90 HP Manuel) karşı karşıya."
4,kunye,kunye/001-kunye-renault-clio-mk4.mp4,kunye/001-kunye-renault-clio-mk4-kapak.jpg,kunye/001-kunye-renault-clio-mk4.txt,Renault Clio Mk4 künyesi (X98 kasa · 2012–2019 · Hatchback).
5,kronik-arizalar,kronik-arizalar/002-ariza-fiat-egea-mk1.mp4,kronik-arizalar/002-ariza-fiat-egea-mk1-kapak.jpg,kronik-arizalar/002-ariza-fiat-egea-mk1.txt,Fiat Egea (356 kasa · 2015’ten beri) almadan önce bilmeniz gereken 4 kronik arıza:
6,listeler,listeler/002-en-az-yakan-hatchback.mp4,listeler/002-en-az-yakan-hatchback-kapak.jpg,listeler/002-en-az-yakan-hatchback.txt,Bugün alınabilecek hatchback modelleri içinde yakıtı en az olan beşi.
7,karsilastirma,karsilastirma/002-karsilastir-clio-mk5-208-p21.mp4,karsilastirma/002-karsilastir-clio-mk5-208-p21-kapak.jpg,karsilastirma/002-karsilastir-clio-mk5-208-p21.txt,"Clio mu, 208 mi? Renault Clio Mk5 (1.0 TCe 91 HP Manuel) ile Peugeot 208 Mk2 (1.2 PureTech 75 HP Manuel) karşı karşıya."
8,kunye,kunye/002-kunye-fiat-egea-mk1.mp4,kunye/002-kunye-fiat-egea-mk1-kapak.jpg,kunye/002-kunye-fiat-egea-mk1.txt,Fiat Egea künyesi (356 kasa · 2015’ten beri · Sedan).
9,kronik-arizalar,kronik-arizalar/003-ariza-volkswagen-golf-mk7.mp4,kronik-arizalar/003-ariza-volkswagen-golf-mk7-kapak.jpg,kronik-arizalar/003-ariza-volkswagen-golf-mk7.txt,Volkswagen Golf Mk7 (5G kasa · 2012–2020) almadan önce bilmeniz gereken 4 kronik arıza:
10,listeler,listeler/003-en-az-yakan-sedan.mp4,listeler/003-en-az-yakan-sedan-kapak.jpg,listeler/003-en-az-yakan-sedan.txt,Bugün alınabilecek sedan modelleri içinde yakıtı en az olan beşi.
11,karsilastirma,karsilastirma/003-karsilastir-c-hr-ax10-qashqai-j11.mp4,karsilastirma/003-karsilastir-c-hr-ax10-qashqai-j11-kapak.jpg,karsilastirma/003-karsilastir-c-hr-ax10-qashqai-j11.txt,"C-HR mi, Qashqai mi? Toyota C-HR AX10 (1.2 116 HP Multidrive S) ile Nissan Qashqai J11 (1.2 DIG-T 115 HP X-Tronic) karşı karşıya."
12,kunye,kunye/003-kunye-volkswagen-golf-mk7.mp4,kunye/003-kunye-volkswagen-golf-mk7-kapak.jpg,kunye/003-kunye-volkswagen-golf-mk7.txt,Volkswagen Golf Mk7 künyesi (5G kasa · 2012–2020 · Hatchback).
13,kronik-arizalar,kronik-arizalar/004-ariza-toyota-corolla-e120.mp4,kronik-arizalar/004-ariza-toyota-corolla-e120-kapak.jpg,kronik-arizalar/004-ariza-toyota-corolla-e120.txt,Toyota Corolla E120 (E120 kasa · 2000–2007) almadan önce bilmeniz gereken 4 kronik arıza:
14,listeler,listeler/004-en-az-yakan-ticari.mp4,listeler/004-en-az-yakan-ticari-kapak.jpg,listeler/004-en-az-yakan-ticari.txt,Bugün alınabilecek ticari modelleri içinde yakıtı en az olan beşi.
15,karsilastirma,karsilastirma/004-karsilastir-3008-p84-tiguan-mk2.mp4,karsilastirma/004-karsilastir-3008-p84-tiguan-mk2-kapak.jpg,karsilastirma/004-karsilastir-3008-p84-tiguan-mk2.txt,"3008 mi, Tiguan mı? Peugeot 3008 Mk2 (1.2 PureTech 131 HP Otomatik) ile Volkswagen Tiguan Mk2 (1.5 TSI ACT 150 HP DSG) karşı karşıya."
16,kunye,kunye/004-kunye-toyota-corolla-e120.mp4,kunye/004-kunye-toyota-corolla-e120-kapak.jpg,kunye/004-kunye-toyota-corolla-e120.txt,Toyota Corolla E120 künyesi (E120 kasa · 2000–2007 · Sedan).
17,kronik-arizalar,kronik-arizalar/005-ariza-peugeot-3008-p84.mp4,kronik-arizalar/005-ariza-peugeot-3008-p84-kapak.jpg,kronik-arizalar/005-ariza-peugeot-3008-p84.txt,Peugeot 3008 Mk2 (P84 kasa · 2016–2024) almadan önce bilmeniz gereken 4 kronik arıza:
18,listeler,listeler/005-en-az-yakan-station.mp4,listeler/005-en-az-yakan-station-kapak.jpg,listeler/005-en-az-yakan-station.txt,Bugün alınabilecek station wagon modelleri içinde yakıtı en az olan beşi.
19,karsilastirma,karsilastirma/005-karsilastir-i20-bc3-clio-mk5.mp4,karsilastirma/005-karsilastir-i20-bc3-clio-mk5-kapak.jpg,karsilastirma/005-karsilastir-i20-bc3-clio-mk5.txt,"i20 mi, Clio mu? Hyundai i20 Mk3 (1.0 T-GDi 100 HP DCT) ile Renault Clio Mk5 (1.0 TCe 100 HP CVT) karşı karşıya."
20,kunye,kunye/005-kunye-peugeot-3008-p84.mp4,kunye/005-kunye-peugeot-3008-p84-kapak.jpg,kunye/005-kunye-peugeot-3008-p84.txt,Peugeot 3008 Mk2 künyesi (P84 kasa · 2016–2024 · SUV).
21,kronik-arizalar,kronik-arizalar/006-ariza-ford-focus-mk3.mp4,kronik-arizalar/006-ariza-ford-focus-mk3-kapak.jpg,kronik-arizalar/006-ariza-ford-focus-mk3.txt,Ford Focus 3. nesil (C346 kasa · 2011–2018) almadan önce bilmeniz gereken 4 kronik arıza:
22,listeler,listeler/006-en-az-yakan-mpv.mp4,listeler/006-en-az-yakan-mpv-kapak.jpg,listeler/006-en-az-yakan-mpv.txt,Bugün alınabilecek MPV modelleri içinde yakıtı en az olan beşi.
23,karsilastirma,karsilastirma/006-karsilastir-t10x-mk1-model-y-mk1.mp4,karsilastirma/006-karsilastir-t10x-mk1-model-y-mk1-kapak.jpg,karsilastirma/006-karsilastir-t10x-mk1-model-y-mk1.txt,"T10X mi, Model Y mi? Togg T10X (Standart Menzil 218 HP (52.4 kWh)) ile Tesla Model Y (Standart Menzil 216 HP (60 kWh)) karşı karşıya."
24,kunye,kunye/006-kunye-ford-focus-mk3.mp4,kunye/006-kunye-ford-focus-mk3-kapak.jpg,kunye/006-kunye-ford-focus-mk3.txt,Ford Focus 3. nesil künyesi (C346 kasa · 2011–2018 · Hatchback).
25,kronik-arizalar,kronik-arizalar/007-ariza-hyundai-i20-pb.mp4,kronik-arizalar/007-ariza-hyundai-i20-pb-kapak.jpg,kronik-arizalar/007-ariza-hyundai-i20-pb.txt,Hyundai i20 Mk1 (PB kasa · 2008–2014) almadan önce bilmeniz gereken 4 kronik arıza:
26,listeler,listeler/007-en-az-yakan-pickup.mp4,listeler/007-en-az-yakan-pickup-kapak.jpg,listeler/007-en-az-yakan-pickup.txt,Bugün alınabilecek pick-up modelleri içinde yakıtı en az olan beşi.
27,karsilastirma,karsilastirma/007-karsilastir-tucson-nx4-sportage-nq5.mp4,karsilastirma/007-karsilastir-tucson-nx4-sportage-nq5-kapak.jpg,karsilastirma/007-karsilastir-tucson-nx4-sportage-nq5.txt,"Tucson mu, Sportage mi? Hyundai Tucson Mk4 (1.6 T-GDi Hafif Hibrit 150 HP DCT) ile Kia Sportage Mk5 (1.6 T-GDi Hafif Hibrit 150 HP DCT) karşı karşıya."
28,kunye,kunye/007-kunye-hyundai-i20-pb.mp4,kunye/007-kunye-hyundai-i20-pb-kapak.jpg,kunye/007-kunye-hyundai-i20-pb.txt,Hyundai i20 Mk1 künyesi (PB kasa · 2008–2014 · Hatchback).
29,kronik-arizalar,kronik-arizalar/008-ariza-citroen-c-elysee-mk1.mp4,kronik-arizalar/008-ariza-citroen-c-elysee-mk1-kapak.jpg,kronik-arizalar/008-ariza-citroen-c-elysee-mk1.txt,Citroën C-Elysée (2012–2022) almadan önce bilmeniz gereken 4 kronik arıza:
30,listeler,listeler/008-en-az-yakan-dizel.mp4,listeler/008-en-az-yakan-dizel-kapak.jpg,listeler/008-en-az-yakan-dizel.txt,Dizel araçlar içinde en az yakan beş model.
31,karsilastirma,karsilastirma/008-karsilastir-focus-mk3-astra-j.mp4,karsilastirma/008-karsilastir-focus-mk3-astra-j-kapak.jpg,karsilastirma/008-karsilastir-focus-mk3-astra-j.txt,"Focus mu, Astra mı? Ford Focus 3. nesil (1.0 EcoBoost 125 HP Otomatik (Hatchback)) ile Opel Astra J (1.6 115 HP Otomatik (Hatchback)) karşı karşıya."
32,kunye,kunye/008-kunye-citroen-c-elysee-mk1.mp4,kunye/008-kunye-citroen-c-elysee-mk1-kapak.jpg,kunye/008-kunye-citroen-c-elysee-mk1.txt,Citroën C-Elysée künyesi (2012–2022 · Sedan).
33,kronik-arizalar,kronik-arizalar/009-ariza-opel-astra-j.mp4,kronik-arizalar/009-ariza-opel-astra-j-kapak.jpg,kronik-arizalar/009-ariza-opel-astra-j.txt,Opel Astra J (P09 kasa · 2009–2015) almadan önce bilmeniz gereken 4 kronik arıza:
34,listeler,listeler/009-en-az-yakan-benzin.mp4,listeler/009-en-az-yakan-benzin-kapak.jpg,listeler/009-en-az-yakan-benzin.txt,Benzinli araçlar içinde en az yakan beş model.
35,karsilastirma,karsilastirma/009-karsilastir-civic-fc-corolla-e210.mp4,karsilastirma/009-karsilastir-civic-fc-corolla-e210-kapak.jpg,karsilastirma/009-karsilastir-civic-fc-corolla-e210.txt,"Civic mi, Corolla mı? Honda Civic 10. nesil (1.6 i-VTEC 125 HP CVT) ile Toyota Corolla E210 (1.5 123 HP CVT) karşı karşıya."
36,kunye,kunye/009-kunye-opel-astra-j.mp4,kunye/009-kunye-opel-astra-j-kapak.jpg,kunye/009-kunye-opel-astra-j.txt,Opel Astra J künyesi (P09 kasa · 2009–2015 · Hatchback).
37,kronik-arizalar,kronik-arizalar/010-ariza-skoda-octavia-mk4.mp4,kronik-arizalar/010-ariza-skoda-octavia-mk4-kapak.jpg,kronik-arizalar/010-ariza-skoda-octavia-mk4.txt,Škoda Octavia Mk4 (NX kasa · 2019’dan beri) almadan önce bilmeniz gereken 4 kronik arıza:
38,listeler,listeler/010-en-az-yakan-hibrit.mp4,listeler/010-en-az-yakan-hibrit-kapak.jpg,listeler/010-en-az-yakan-hibrit.txt,Hibrit araçlar içinde en az yakan beş model.
39,karsilastirma,karsilastirma/010-karsilastir-golf-mk7-astra-k.mp4,karsilastirma/010-karsilastir-golf-mk7-astra-k-kapak.jpg,karsilastirma/010-karsilastir-golf-mk7-astra-k.txt,"Golf mu, Astra mı? Volkswagen Golf Mk7 (1.4 TSI 125 HP DSG) ile Opel Astra K (1.4 Turbo 145 HP CVT) karşı karşıya."
40,kunye,kunye/010-kunye-togg-t10f-mk1.mp4,kunye/010-kunye-togg-t10f-mk1-kapak.jpg,kunye/010-kunye-togg-t10f-mk1.txt,Togg T10F künyesi (2024’ten beri · Sedan).
41,kronik-arizalar,kronik-arizalar/011-ariza-mercedes-benz-c-serisi-w203.mp4,kronik-arizalar/011-ariza-mercedes-benz-c-serisi-w203-kapak.jpg,kronik-arizalar/011-ariza-mercedes-benz-c-serisi-w203.txt,Mercedes-Benz C-Serisi W203 (W203 kasa · 2000–2007) almadan önce bilmeniz gereken 4 kronik arıza:
42,listeler,listeler/011-en-uzun-menzil.mp4,listeler/011-en-uzun-menzil-kapak.jpg,listeler/011-en-uzun-menzil.txt,Türkiye’de satılan elektrikli araçlar arasında tek şarjla en uzağa gidebilen beş model.
43,karsilastirma,karsilastirma/011-karsilastir-doblo-gen2-kangoo-mk2.mp4,karsilastirma/011-karsilastir-doblo-gen2-kangoo-mk2-kapak.jpg,karsilastirma/011-karsilastir-doblo-gen2-kangoo-mk2.txt,"Doblò mu, Kangoo mu? Fiat Doblò II (1.4 95 HP Manuel) ile Renault Kangoo Mk2 (1.6 16V 106 HP Manuel) karşı karşıya."
44,kunye,kunye/011-kunye-skoda-fabia-mk2.mp4,kunye/011-kunye-skoda-fabia-mk2-kapak.jpg,kunye/011-kunye-skoda-fabia-mk2.txt,Škoda Fabia 2. Nesil künyesi (5J kasa · 2007–2014 · Hatchback).
45,kronik-arizalar,kronik-arizalar/012-ariza-kia-sportage-sl.mp4,kronik-arizalar/012-ariza-kia-sportage-sl-kapak.jpg,kronik-arizalar/012-ariza-kia-sportage-sl.txt,Kia Sportage Mk3 (SL kasa · 2010–2015) almadan önce bilmeniz gereken 4 kronik arıza:
46,listeler,listeler/012-en-az-yakan-marka-renault.mp4,listeler/012-en-az-yakan-marka-renault-kapak.jpg,listeler/012-en-az-yakan-marka-renault.txt,Renault gamında yakıtı en az olan beş model; her modelin en az yakan motoru.
47,karsilastirma,karsilastirma/012-karsilastir-3-serisi-f30-c-serisi-w205.mp4,karsilastirma/012-karsilastir-3-serisi-f30-c-serisi-w205-kapak.jpg,karsilastirma/012-karsilastir-3-serisi-f30-c-serisi-w205.txt,"3 Serisi mi, C Serisi mi? BMW 3 Serisi F30 (318i 136 HP Steptronic) ile Mercedes-Benz C-Serisi W205 (C 180 1.5 156 HP 9G-Tronic) karşı karşıya."
48,kunye,kunye/012-kunye-mercedes-benz-c-serisi-w203.mp4,kunye/012-kunye-mercedes-benz-c-serisi-w203-kapak.jpg,kunye/012-kunye-mercedes-benz-c-serisi-w203.txt,Mercedes-Benz C-Serisi W203 künyesi (W203 kasa · 2000–2007 · Sedan).
49,kronik-arizalar,kronik-arizalar/013-ariza-chery-tiggo-7-pro-mk1.mp4,kronik-arizalar/013-ariza-chery-tiggo-7-pro-mk1-kapak.jpg,kronik-arizalar/013-ariza-chery-tiggo-7-pro-mk1.txt,Chery Tiggo 7 Pro (T1E kasa · 2023’ten beri) almadan önce bilmeniz gereken 4 kronik arıza:
50,listeler,listeler/013-en-az-yakan-marka-fiat.mp4,listeler/013-en-az-yakan-marka-fiat-kapak.jpg,listeler/013-en-az-yakan-marka-fiat.txt,Fiat gamında yakıtı en az olan beş model; her modelin en az yakan motoru.
51,karsilastirma,karsilastirma/013-karsilastir-octavia-mk3-focus-mk3.mp4,karsilastirma/013-karsilastir-octavia-mk3-focus-mk3-kapak.jpg,karsilastirma/013-karsilastir-octavia-mk3-focus-mk3.txt,"Octavia mı, Focus mu? Škoda Octavia Mk3 (1.4 TSI 150 HP DSG) ile Ford Focus 3. nesil (1.0 EcoBoost 125 HP Otomatik (Hatchback)) karşı karşıya."
52,kunye,kunye/013-kunye-kia-sportage-sl.mp4,kunye/013-kunye-kia-sportage-sl-kapak.jpg,kunye/013-kunye-kia-sportage-sl.txt,Kia Sportage Mk3 künyesi (SL kasa · 2010–2015 · SUV).
53,kronik-arizalar,kronik-arizalar/014-ariza-nissan-qashqai-j11.mp4,kronik-arizalar/014-ariza-nissan-qashqai-j11-kapak.jpg,kronik-arizalar/014-ariza-nissan-qashqai-j11.txt,Nissan Qashqai J11 (J11 kasa · 2013–2021) almadan önce bilmeniz gereken 4 kronik arıza:
54,listeler,listeler/014-en-az-yakan-marka-volkswagen.mp4,listeler/014-en-az-yakan-marka-volkswagen-kapak.jpg,listeler/014-en-az-yakan-marka-volkswagen.txt,Volkswagen gamında yakıtı en az olan beş model; her modelin en az yakan motoru.
55,karsilastirma,karsilastirma/014-karsilastir-tiggo-7-pro-mk1-qashqai-j12.mp4,karsilastirma/014-karsilastir-tiggo-7-pro-mk1-qashqai-j12-kapak.jpg,karsilastirma/014-karsilastir-tiggo-7-pro-mk1-qashqai-j12.txt,"Tiggo 7 Pro mu, Qashqai mi? Chery Tiggo 7 Pro (1.6 TGDI 145 HP DCT) ile Nissan Qashqai J12 (1.3 DIG-T Hafif Hibrit 158 HP X-Tronic) karşı karşıya."
56,kunye,kunye/014-kunye-nissan-qashqai-j11.mp4,kunye/014-kunye-nissan-qashqai-j11-kapak.jpg,kunye/014-kunye-nissan-qashqai-j11.txt,Nissan Qashqai J11 künyesi (J11 kasa · 2013–2021 · SUV).
57,kronik-arizalar,kronik-arizalar/015-ariza-bmw-3-serisi-f30.mp4,kronik-arizalar/015-ariza-bmw-3-serisi-f30-kapak.jpg,kronik-arizalar/015-ariza-bmw-3-serisi-f30.txt,BMW 3 Serisi F30 (F30/F31 kasa · 2012–2019) almadan önce bilmeniz gereken 4 kronik arıza:
58,listeler,listeler/015-en-az-yakan-marka-toyota.mp4,listeler/015-en-az-yakan-marka-toyota-kapak.jpg,listeler/015-en-az-yakan-marka-toyota.txt,Toyota gamında yakıtı en az olan beş model; her modelin en az yakan motoru.
59,karsilastirma,karsilastirma/015-karsilastir-atto-3-mk1-t10x-mk1.mp4,karsilastirma/015-karsilastir-atto-3-mk1-t10x-mk1-kapak.jpg,karsilastirma/015-karsilastir-atto-3-mk1-t10x-mk1.txt,"Atto 3 mü, T10X mi? BYD Atto 3 (Standart Menzil 204 HP (49.92 kWh)) ile Togg T10X (Standart Menzil 218 HP (52.4 kWh)) karşı karşıya."
60,kunye,kunye/015-kunye-bmw-3-serisi-f30.mp4,kunye/015-kunye-bmw-3-serisi-f30-kapak.jpg,kunye/015-kunye-bmw-3-serisi-f30.txt,BMW 3 Serisi F30 künyesi (F30/F31 kasa · 2012–2019 · Sedan).
61,kronik-arizalar,kronik-arizalar/016-ariza-volvo-xc60-spa.mp4,kronik-arizalar/016-ariza-volvo-xc60-spa-kapak.jpg,kronik-arizalar/016-ariza-volvo-xc60-spa.txt,Volvo XC60 2. nesil (2017’den beri) almadan önce bilmeniz gereken 4 kronik arıza:
62,listeler,listeler/016-en-az-yakan-marka-peugeot.mp4,listeler/016-en-az-yakan-marka-peugeot-kapak.jpg,listeler/016-en-az-yakan-marka-peugeot.txt,Peugeot gamında yakıtı en az olan beş model; her modelin en az yakan motoru.
63,karsilastirma,karsilastirma/016-karsilastir-megane-mk4-egea-mk1.mp4,karsilastirma/016-karsilastir-megane-mk4-egea-mk1-kapak.jpg,karsilastirma/016-karsilastir-megane-mk4-egea-mk1.txt,"Mégane mi, Egea mı? Renault Mégane Mk4 (1.2 TCe 130 HP EDC (Hatchback)) ile Fiat Egea (1.6 E-Torq 110 HP Otomatik) karşı karşıya."
64,kunye,kunye/016-kunye-kg-mobility-rexton-mk1.mp4,kunye/016-kunye-kg-mobility-rexton-mk1-kapak.jpg,kunye/016-kunye-kg-mobility-rexton-mk1.txt,KG Mobility Rexton künyesi (2001’den beri · SUV).
65,kronik-arizalar,kronik-arizalar/017-ariza-audi-a3-8y.mp4,kronik-arizalar/017-ariza-audi-a3-8y-kapak.jpg,kronik-arizalar/017-ariza-audi-a3-8y.txt,Audi A3 8Y (8Y kasa · 2020’den beri) almadan önce bilmeniz gereken 4 kronik arıza:
66,listeler,listeler/017-en-az-yakan-marka-ford.mp4,listeler/017-en-az-yakan-marka-ford-kapak.jpg,listeler/017-en-az-yakan-marka-ford.txt,Ford gamında yakıtı en az olan beş model; her modelin en az yakan motoru.
67,karsilastirma,karsilastirma/017-karsilastir-duster-mk2-captur-mk2.mp4,karsilastirma/017-karsilastir-duster-mk2-captur-mk2-kapak.jpg,karsilastirma/017-karsilastir-duster-mk2-captur-mk2.txt,"Duster mi, Captur mu? Dacia Duster Mk2 (1.3 TCe 131 HP Manuel) ile Renault Captur Mk2 (1.0 TCe 100 HP Manuel) karşı karşıya."
68,kunye,kunye/017-kunye-volvo-xc60-spa.mp4,kunye/017-kunye-volvo-xc60-spa-kapak.jpg,kunye/017-kunye-volvo-xc60-spa.txt,Volvo XC60 2. nesil künyesi (2017’den beri · SUV).
69,kronik-arizalar,kronik-arizalar/018-ariza-dacia-duster-mk2.mp4,kronik-arizalar/018-ariza-dacia-duster-mk2-kapak.jpg,kronik-arizalar/018-ariza-dacia-duster-mk2.txt,Dacia Duster Mk2 (HM kasa · 2017–2024) almadan önce bilmeniz gereken 4 kronik arıza:
70,listeler,listeler/018-en-az-yakan-marka-hyundai.mp4,listeler/018-en-az-yakan-marka-hyundai-kapak.jpg,listeler/018-en-az-yakan-marka-hyundai.txt,Hyundai gamında yakıtı en az olan beş model; her modelin en az yakan motoru.
71,karsilastirma,karsilastirma/018-karsilastir-2008-p24-t-roc-mk1.mp4,karsilastirma/018-karsilastir-2008-p24-t-roc-mk1-kapak.jpg,karsilastirma/018-karsilastir-2008-p24-t-roc-mk1.txt,"2008 mi, T-Roc mu? Peugeot 2008 Mk2 (1.2 PureTech 130 HP Otomatik) ile Volkswagen T-Roc 1. Nesil (1.5 TSI ACT 150 HP DSG) karşı karşıya."
72,kunye,kunye/018-kunye-audi-a6-c8.mp4,kunye/018-kunye-audi-a6-c8-kapak.jpg,kunye/018-kunye-audi-a6-c8.txt,Audi A6 C8 künyesi (C8 kasa · 2018’den beri · Sedan).
73,kronik-arizalar,kronik-arizalar/019-ariza-jeep-compass-mp.mp4,kronik-arizalar/019-ariza-jeep-compass-mp-kapak.jpg,kronik-arizalar/019-ariza-jeep-compass-mp.txt,Jeep Compass MP (MP kasa · 2017’den beri) almadan önce bilmeniz gereken 4 kronik arıza:
74,listeler,listeler/019-en-az-yakan-marka-citroen.mp4,listeler/019-en-az-yakan-marka-citroen-kapak.jpg,listeler/019-en-az-yakan-marka-citroen.txt,Citroën gamında yakıtı en az olan beş model; her modelin en az yakan motoru.
75,karsilastirma,karsilastirma/019-karsilastir-c-elysee-mk1-symbol-mk3.mp4,karsilastirma/019-karsilastir-c-elysee-mk1-symbol-mk3-kapak.jpg,karsilastirma/019-karsilastir-c-elysee-mk1-symbol-mk3.txt,"C-Elysée mi, Symbol mu? Citroën C-Elysée (1.2 PureTech 82 HP ETG6) ile Renault Symbol III (1.2 16V 75 HP Manuel) karşı karşıya."
76,kunye,kunye/019-kunye-dacia-duster-mk2.mp4,kunye/019-kunye-dacia-duster-mk2-kapak.jpg,kunye/019-kunye-dacia-duster-mk2.txt,Dacia Duster Mk2 künyesi (HM kasa · 2017–2024 · SUV).
77,kronik-arizalar,kronik-arizalar/020-ariza-honda-civic-fb.mp4,kronik-arizalar/020-ariza-honda-civic-fb-kapak.jpg,kronik-arizalar/020-ariza-honda-civic-fb.txt,Honda Civic 9. nesil (FB/FK2 kasa · 2012–2016) almadan önce bilmeniz gereken 4 kronik arıza:
78,listeler,listeler/020-en-az-yakan-marka-opel.mp4,listeler/020-en-az-yakan-marka-opel-kapak.jpg,listeler/020-en-az-yakan-marka-opel.txt,Opel gamında yakıtı en az olan beş model; her modelin en az yakan motoru.
79,karsilastirma,karsilastirma/020-karsilastir-accent-rb-linea-mk1.mp4,karsilastirma/020-karsilastir-accent-rb-linea-mk1-kapak.jpg,karsilastirma/020-karsilastir-accent-rb-linea-mk1.txt,"Accent mi, Linea mı? Hyundai Accent Blue (RB) (1.4 100 HP CVT) ile Fiat Linea (1.4 77 HP Manuel) karşı karşıya."
80,kunye,kunye/020-kunye-byd-seal-u-mk1.mp4,kunye/020-kunye-byd-seal-u-mk1-kapak.jpg,kunye/020-kunye-byd-seal-u-mk1.txt,BYD Seal U künyesi (SA3 kasa · 2024’ten beri · SUV).
81,kronik-arizalar,kronik-arizalar/021-ariza-tesla-model-y-mk1.mp4,kronik-arizalar/021-ariza-tesla-model-y-mk1-kapak.jpg,kronik-arizalar/021-ariza-tesla-model-y-mk1.txt,Tesla Model Y (2022’den beri) almadan önce bilmeniz gereken 4 kronik arıza:
82,listeler,listeler/021-en-az-yakan-marka-skoda.mp4,listeler/021-en-az-yakan-marka-skoda-kapak.jpg,listeler/021-en-az-yakan-marka-skoda.txt,Škoda gamında yakıtı en az olan beş model; her modelin en az yakan motoru.
83,karsilastirma,karsilastirma/021-karsilastir-transit-courier-gen1-fiorino-gen3.mp4,karsilastirma/021-karsilastir-transit-courier-gen1-fiorino-gen3-kapak.jpg,karsilastirma/021-karsilastir-transit-courier-gen1-fiorino-gen3.txt,"Transit Courier mi, Fiorino mu? Ford Transit Courier 1. nesil (1.5 TDCi 95 HP Manuel) ile Fiat Fiorino (1.3 16V MultiJet 95 HP Manuel) karşı karşıya."
84,kunye,kunye/021-kunye-jeep-compass-mp.mp4,kunye/021-kunye-jeep-compass-mp-kapak.jpg,kunye/021-kunye-jeep-compass-mp.txt,Jeep Compass MP künyesi (MP kasa · 2017’den beri · SUV).
85,kronik-arizalar,kronik-arizalar/022-ariza-suzuki-vitara-ly.mp4,kronik-arizalar/022-ariza-suzuki-vitara-ly-kapak.jpg,kronik-arizalar/022-ariza-suzuki-vitara-ly.txt,Suzuki Vitara LY (LY kasa · 2015’ten beri) almadan önce bilmeniz gereken 4 kronik arıza:
86,listeler,listeler/022-en-az-yakan-marka-mercedes-benz.mp4,listeler/022-en-az-yakan-marka-mercedes-benz-kapak.jpg,listeler/022-en-az-yakan-marka-mercedes-benz.txt,Mercedes-Benz gamında yakıtı en az olan beş model; her modelin en az yakan motoru.
87,kunye,kunye/022-kunye-honda-civic-fb.mp4,kunye/022-kunye-honda-civic-fb-kapak.jpg,kunye/022-kunye-honda-civic-fb.txt,Honda Civic 9. nesil künyesi (FB/FK2 kasa · 2012–2016 · Sedan).
88,kronik-arizalar,kronik-arizalar/023-ariza-seat-leon-mk3.mp4,kronik-arizalar/023-ariza-seat-leon-mk3-kapak.jpg,kronik-arizalar/023-ariza-seat-leon-mk3.txt,SEAT Leon Mk3 (5F kasa · 2012–2020) almadan önce bilmeniz gereken 4 kronik arıza:
89,listeler,listeler/023-en-az-yakan-marka-kia.mp4,listeler/023-en-az-yakan-marka-kia-kapak.jpg,listeler/023-en-az-yakan-marka-kia.txt,Kia gamında yakıtı en az olan beş model; her modelin en az yakan motoru.
90,kunye,kunye/023-kunye-cupra-terramar-mk1.mp4,kunye/023-kunye-cupra-terramar-mk1-kapak.jpg,kunye/023-kunye-cupra-terramar-mk1.txt,Cupra Terramar 1. Nesil künyesi (2024’ten beri · SUV).
91,kronik-arizalar,kronik-arizalar/024-ariza-mg-zs-mk1.mp4,kronik-arizalar/024-ariza-mg-zs-mk1-kapak.jpg,kronik-arizalar/024-ariza-mg-zs-mk1.txt,MG ZS (2019’dan beri) almadan önce bilmeniz gereken 4 kronik arıza:
92,listeler,listeler/024-en-az-yakan-marka-nissan.mp4,listeler/024-en-az-yakan-marka-nissan-kapak.jpg,listeler/024-en-az-yakan-marka-nissan.txt,Nissan gamında yakıtı en az olan beş model; her modelin en az yakan motoru.
93,kunye,kunye/024-kunye-tesla-model-y-mk1.mp4,kunye/024-kunye-tesla-model-y-mk1-kapak.jpg,kunye/024-kunye-tesla-model-y-mk1.txt,Tesla Model Y künyesi (2022’den beri · SUV).
94,kronik-arizalar,kronik-arizalar/025-ariza-renault-clio-mk2.mp4,kronik-arizalar/025-ariza-renault-clio-mk2-kapak.jpg,kronik-arizalar/025-ariza-renault-clio-mk2.txt,Renault Clio Mk2 (X65 kasa · 1998–2005) almadan önce bilmeniz gereken 4 kronik arıza:
95,listeler,listeler/025-en-az-yakan-marka-bmw.mp4,listeler/025-en-az-yakan-marka-bmw-kapak.jpg,listeler/025-en-az-yakan-marka-bmw.txt,BMW gamında yakıtı en az olan beş model; her modelin en az yakan motoru.
96,kunye,kunye/025-kunye-mini-cooper-f66.mp4,kunye/025-kunye-mini-cooper-f66-kapak.jpg,kunye/025-kunye-mini-cooper-f66.txt,Mini Cooper F66/J01 künyesi (F66/J01 kasa · 2024’ten beri · Hatchback).
97,kronik-arizalar,kronik-arizalar/026-ariza-fiat-linea-mk1.mp4,kronik-arizalar/026-ariza-fiat-linea-mk1-kapak.jpg,kronik-arizalar/026-ariza-fiat-linea-mk1.txt,Fiat Linea (323 kasa · 2007–2016) almadan önce bilmeniz gereken 4 kronik arıza:
98,listeler,listeler/026-en-az-yakan-marka-kg-mobility.mp4,listeler/026-en-az-yakan-marka-kg-mobility-kapak.jpg,listeler/026-en-az-yakan-marka-kg-mobility.txt,KG Mobility gamında yakıtı en az olan beş model; her modelin en az yakan motoru.
99,kunye,kunye/026-kunye-suzuki-vitara-ly.mp4,kunye/026-kunye-suzuki-vitara-ly-kapak.jpg,kunye/026-kunye-suzuki-vitara-ly.txt,Suzuki Vitara LY künyesi (LY kasa · 2015’ten beri · SUV).
100,kronik-arizalar,kronik-arizalar/027-ariza-volkswagen-golf-mk5.mp4,kronik-arizalar/027-ariza-volkswagen-golf-mk5-kapak.jpg,kronik-arizalar/027-ariza-volkswagen-golf-mk5.txt,Volkswagen Golf Mk5 (1K kasa · 2003–2008) almadan önce bilmeniz gereken 4 kronik arıza:
101,listeler,listeler/027-en-az-yakan-marka-volvo.mp4,listeler/027-en-az-yakan-marka-volvo-kapak.jpg,listeler/027-en-az-yakan-marka-volvo.txt,Volvo gamında yakıtı en az olan beş model; her modelin en az yakan motoru.
102,kunye,kunye/027-kunye-seat-ibiza-mk4.mp4,kunye/027-kunye-seat-ibiza-mk4-kapak.jpg,kunye/027-kunye-seat-ibiza-mk4.txt,SEAT Ibiza 4. Nesil künyesi (6J kasa · 2008–2017 · Hatchback).
103,kronik-arizalar,kronik-arizalar/028-ariza-toyota-corolla-e210.mp4,kronik-arizalar/028-ariza-toyota-corolla-e210-kapak.jpg,kronik-arizalar/028-ariza-toyota-corolla-e210.txt,Toyota Corolla E210 (E210 kasa · 2019’dan beri) almadan önce bilmeniz gereken 4 kronik arıza:
104,listeler,listeler/028-en-az-yakan-marka-audi.mp4,listeler/028-en-az-yakan-marka-audi-kapak.jpg,listeler/028-en-az-yakan-marka-audi.txt,Audi gamında yakıtı en az olan beş model; her modelin en az yakan motoru.
105,kunye,kunye/028-kunye-iveco-daily-mk1.mp4,kunye/028-kunye-iveco-daily-mk1-kapak.jpg,kunye/028-kunye-iveco-daily-mk1.txt,Iveco Daily künyesi (1978’den beri · Ticari).
106,kronik-arizalar,kronik-arizalar/029-ariza-peugeot-3008-p64.mp4,kronik-arizalar/029-ariza-peugeot-3008-p64-kapak.jpg,kronik-arizalar/029-ariza-peugeot-3008-p64.txt,Peugeot 3008 Mk3 (P64 kasa · 2024’ten beri) almadan önce bilmeniz gereken 4 kronik arıza:
107,listeler,listeler/029-en-az-yakan-marka-dacia.mp4,listeler/029-en-az-yakan-marka-dacia-kapak.jpg,listeler/029-en-az-yakan-marka-dacia.txt,Dacia gamında yakıtı en az olan beş model; her modelin en az yakan motoru.
108,kunye,kunye/029-kunye-mg-zs-mk1.mp4,kunye/029-kunye-mg-zs-mk1-kapak.jpg,kunye/029-kunye-mg-zs-mk1.txt,MG ZS künyesi (2019’dan beri · SUV).
109,kronik-arizalar,kronik-arizalar/030-ariza-ford-focus-mk4.mp4,kronik-arizalar/030-ariza-ford-focus-mk4-kapak.jpg,kronik-arizalar/030-ariza-ford-focus-mk4.txt,Ford Focus 4. nesil (C519 kasa · 2018–2025) almadan önce bilmeniz gereken 4 kronik arıza:
110,listeler,listeler/030-en-az-yakan-marka-jeep.mp4,listeler/030-en-az-yakan-marka-jeep-kapak.jpg,listeler/030-en-az-yakan-marka-jeep.txt,Jeep gamında yakıtı en az olan beş model; her modelin en az yakan motoru.
111,kunye,kunye/030-kunye-land-rover-defender-l663.mp4,kunye/030-kunye-land-rover-defender-l663-kapak.jpg,kunye/030-kunye-land-rover-defender-l663.txt,Land Rover Defender L663 künyesi (L663 kasa · 2020’den beri · SUV).
112,kronik-arizalar,kronik-arizalar/031-ariza-hyundai-i20-bc3.mp4,kronik-arizalar/031-ariza-hyundai-i20-bc3-kapak.jpg,kronik-arizalar/031-ariza-hyundai-i20-bc3.txt,Hyundai i20 Mk3 (BC3 kasa · 2020’den beri) almadan önce bilmeniz gereken 4 kronik arıza:
113,listeler,listeler/031-en-az-yakan-marka-honda.mp4,listeler/031-en-az-yakan-marka-honda-kapak.jpg,listeler/031-en-az-yakan-marka-honda.txt,Honda gamında yakıtı en az olan beş model; her modelin en az yakan motoru.
114,kunye,kunye/031-kunye-isuzu-d-max-mk1.mp4,kunye/031-kunye-isuzu-d-max-mk1-kapak.jpg,kunye/031-kunye-isuzu-d-max-mk1.txt,Isuzu D-Max künyesi (2002’den beri · Pick-up).
115,kronik-arizalar,kronik-arizalar/032-ariza-citroen-c3-cc21.mp4,kronik-arizalar/032-ariza-citroen-c3-cc21-kapak.jpg,kronik-arizalar/032-ariza-citroen-c3-cc21.txt,Citroën C3 4. nesil (CC21 kasa · 2024’ten beri) almadan önce bilmeniz gereken 4 kronik arıza:
116,listeler,listeler/032-en-az-yakan-marka-suzuki.mp4,listeler/032-en-az-yakan-marka-suzuki-kapak.jpg,listeler/032-en-az-yakan-marka-suzuki.txt,Suzuki gamında yakıtı en az olan beş model; her modelin en az yakan motoru.
117,kunye,kunye/032-kunye-porsche-cayenne-9ya.mp4,kunye/032-kunye-porsche-cayenne-9ya-kapak.jpg,kunye/032-kunye-porsche-cayenne-9ya.txt,Porsche Cayenne 3. Nesil künyesi (9YA kasa · 2017’den beri · SUV).
118,kronik-arizalar,kronik-arizalar/033-ariza-opel-astra-h.mp4,kronik-arizalar/033-ariza-opel-astra-h-kapak.jpg,kronik-arizalar/033-ariza-opel-astra-h.txt,Opel Astra H (A04 kasa · 2004–2010) almadan önce bilmeniz gereken 4 kronik arıza:
119,listeler,listeler/033-en-az-yakan-marka-seat.mp4,listeler/033-en-az-yakan-marka-seat-kapak.jpg,listeler/033-en-az-yakan-marka-seat.txt,SEAT gamında yakıtı en az olan beş model; her modelin en az yakan motoru.
120,kunye,kunye/033-kunye-alfa-romeo-giulia-tipo952.mp4,kunye/033-kunye-alfa-romeo-giulia-tipo952-kapak.jpg,kunye/033-kunye-alfa-romeo-giulia-tipo952.txt,Alfa Romeo Giulia künyesi (952 kasa · 2015’ten beri · Sedan).
121,kronik-arizalar,kronik-arizalar/034-ariza-skoda-octavia-mk3.mp4,kronik-arizalar/034-ariza-skoda-octavia-mk3-kapak.jpg,kronik-arizalar/034-ariza-skoda-octavia-mk3.txt,Škoda Octavia Mk3 (5E kasa · 2012–2020) almadan önce bilmeniz gereken 4 kronik arıza:
122,listeler,listeler/034-en-az-yakan-marka-land-rover.mp4,listeler/034-en-az-yakan-marka-land-rover-kapak.jpg,listeler/034-en-az-yakan-marka-land-rover.txt,Land Rover gamında yakıtı en az olan beş model; her modelin en az yakan motoru.
123,kunye,kunye/034-kunye-ds-automobiles-ds3-d34.mp4,kunye/034-kunye-ds-automobiles-ds3-d34-kapak.jpg,kunye/034-kunye-ds-automobiles-ds3-d34.txt,DS Automobiles DS 3 Crossback künyesi (D34 kasa · 2019’dan beri · Hatchback).
124,kronik-arizalar,kronik-arizalar/035-ariza-mercedes-benz-c-serisi-w205.mp4,kronik-arizalar/035-ariza-mercedes-benz-c-serisi-w205-kapak.jpg,kronik-arizalar/035-ariza-mercedes-benz-c-serisi-w205.txt,Mercedes-Benz C-Serisi W205 (W205 kasa · 2014–2021) almadan önce bilmeniz gereken 4 kronik arıza:
125,listeler,listeler/035-en-az-yakan-marka-lexus.mp4,listeler/035-en-az-yakan-marka-lexus-kapak.jpg,listeler/035-en-az-yakan-marka-lexus.txt,Lexus gamında yakıtı en az olan beş model; her modelin en az yakan motoru.
126,kunye,kunye/035-kunye-lexus-ls-f50.mp4,kunye/035-kunye-lexus-ls-f50-kapak.jpg,kunye/035-kunye-lexus-ls-f50.txt,Lexus LS XF50 künyesi (XF50 kasa · 2018’den beri · Sedan).
127,kronik-arizalar,kronik-arizalar/036-ariza-kia-sportage-nq5.mp4,kronik-arizalar/036-ariza-kia-sportage-nq5-kapak.jpg,kronik-arizalar/036-ariza-kia-sportage-nq5.txt,Kia Sportage Mk5 (NQ5 kasa · 2021’den beri) almadan önce bilmeniz gereken 4 kronik arıza:
128,kunye,kunye/036-kunye-subaru-forester-sk.mp4,kunye/036-kunye-subaru-forester-sk-kapak.jpg,kunye/036-kunye-subaru-forester-sk.txt,Subaru Forester SK künyesi (SK kasa · 2018’den beri · SUV).
129,kronik-arizalar,kronik-arizalar/037-ariza-chery-tiggo-8-pro-mk1.mp4,kronik-arizalar/037-ariza-chery-tiggo-8-pro-mk1-kapak.jpg,kronik-arizalar/037-ariza-chery-tiggo-8-pro-mk1.txt,Chery Tiggo 8 Pro (2023’ten beri) almadan önce bilmeniz gereken 4 kronik arıza:
130,kunye,kunye/037-kunye-tofas-sahin-mk1.mp4,kunye/037-kunye-tofas-sahin-mk1-kapak.jpg,kunye/037-kunye-tofas-sahin-mk1.txt,Tofaş Şahin künyesi (131 kasa · 1990–2002 · Sedan).
131,kronik-arizalar,kronik-arizalar/038-ariza-nissan-qashqai-j12.mp4,kronik-arizalar/038-ariza-nissan-qashqai-j12-kapak.jpg,kronik-arizalar/038-ariza-nissan-qashqai-j12.txt,Nissan Qashqai J12 (J12 kasa · 2021’den beri) almadan önce bilmeniz gereken 4 kronik arıza:
132,kunye,kunye/038-kunye-renault-clio-mk2.mp4,kunye/038-kunye-renault-clio-mk2-kapak.jpg,kunye/038-kunye-renault-clio-mk2.txt,Renault Clio Mk2 künyesi (X65 kasa · 1998–2005 · Hatchback).
133,kronik-arizalar,kronik-arizalar/039-ariza-bmw-3-serisi-e36.mp4,kronik-arizalar/039-ariza-bmw-3-serisi-e36-kapak.jpg,kronik-arizalar/039-ariza-bmw-3-serisi-e36.txt,BMW 3 Serisi E36 (E36 kasa · 1991–1998) almadan önce bilmeniz gereken 4 kronik arıza:
134,kunye,kunye/039-kunye-fiat-linea-mk1.mp4,kunye/039-kunye-fiat-linea-mk1-kapak.jpg,kunye/039-kunye-fiat-linea-mk1.txt,Fiat Linea künyesi (323 kasa · 2007–2016 · Sedan).
135,kronik-arizalar,kronik-arizalar/040-ariza-volvo-xc40-cma.mp4,kronik-arizalar/040-ariza-volvo-xc40-cma-kapak.jpg,kronik-arizalar/040-ariza-volvo-xc40-cma.txt,Volvo XC40 (536 kasa · 2017’den beri) almadan önce bilmeniz gereken 4 kronik arıza:
136,kunye,kunye/040-kunye-volkswagen-jetta-mk5.mp4,kunye/040-kunye-volkswagen-jetta-mk5-kapak.jpg,kunye/040-kunye-volkswagen-jetta-mk5.txt,Volkswagen Jetta 5. Nesil künyesi (1K kasa · 2005–2010 · Sedan).
137,kronik-arizalar,kronik-arizalar/041-ariza-audi-a3-8p.mp4,kronik-arizalar/041-ariza-audi-a3-8p-kapak.jpg,kronik-arizalar/041-ariza-audi-a3-8p.txt,Audi A3 8P (8P kasa · 2003–2012) almadan önce bilmeniz gereken 4 kronik arıza:
138,kunye,kunye/041-kunye-toyota-corolla-e210.mp4,kunye/041-kunye-toyota-corolla-e210-kapak.jpg,kunye/041-kunye-toyota-corolla-e210.txt,Toyota Corolla E210 künyesi (E210 kasa · 2019’dan beri · Sedan).
139,kronik-arizalar,kronik-arizalar/042-ariza-dacia-duster-mk1.mp4,kronik-arizalar/042-ariza-dacia-duster-mk1-kapak.jpg,kronik-arizalar/042-ariza-dacia-duster-mk1.txt,Dacia Duster Mk1 (HS kasa · 2010–2017) almadan önce bilmeniz gereken 4 kronik arıza:
140,kunye,kunye/042-kunye-peugeot-3008-p64.mp4,kunye/042-kunye-peugeot-3008-p64-kapak.jpg,kunye/042-kunye-peugeot-3008-p64.txt,Peugeot 3008 Mk3 künyesi (P64 kasa · 2024’ten beri · SUV).
141,kronik-arizalar,kronik-arizalar/043-ariza-jeep-renegade-bu.mp4,kronik-arizalar/043-ariza-jeep-renegade-bu-kapak.jpg,kronik-arizalar/043-ariza-jeep-renegade-bu.txt,Jeep Renegade (BU kasa · 2014’ten beri) almadan önce bilmeniz gereken 4 kronik arıza:
142,kunye,kunye/043-kunye-ford-focus-mk4.mp4,kunye/043-kunye-ford-focus-mk4-kapak.jpg,kunye/043-kunye-ford-focus-mk4.txt,Ford Focus 4. nesil künyesi (C519 kasa · 2018–2025 · Hatchback).
143,kronik-arizalar,kronik-arizalar/044-ariza-honda-civic-fc.mp4,kronik-arizalar/044-ariza-honda-civic-fc-kapak.jpg,kronik-arizalar/044-ariza-honda-civic-fc.txt,Honda Civic 10. nesil (FC/FK kasa · 2016–2021) almadan önce bilmeniz gereken 4 kronik arıza:
144,kunye,kunye/044-kunye-hyundai-i20-bc3.mp4,kunye/044-kunye-hyundai-i20-bc3-kapak.jpg,kunye/044-kunye-hyundai-i20-bc3.txt,Hyundai i20 Mk3 künyesi (BC3 kasa · 2020’den beri · Hatchback).
145,kronik-arizalar,kronik-arizalar/045-ariza-seat-leon-mk4.mp4,kronik-arizalar/045-ariza-seat-leon-mk4-kapak.jpg,kronik-arizalar/045-ariza-seat-leon-mk4.txt,SEAT Leon Mk4 (KL kasa · 2020’den beri) almadan önce bilmeniz gereken 4 kronik arıza:
146,kunye,kunye/045-kunye-citroen-c3-cc21.mp4,kunye/045-kunye-citroen-c3-cc21-kapak.jpg,kunye/045-kunye-citroen-c3-cc21.txt,Citroën C3 4. nesil künyesi (CC21 kasa · 2024’ten beri · Hatchback).
147,kronik-arizalar,kronik-arizalar/046-ariza-renault-clio-mk5.mp4,kronik-arizalar/046-ariza-renault-clio-mk5-kapak.jpg,kronik-arizalar/046-ariza-renault-clio-mk5.txt,Renault Clio Mk5 (BJA kasa · 2019–2025) almadan önce bilmeniz gereken 4 kronik arıza:
148,kunye,kunye/046-kunye-opel-astra-h.mp4,kunye/046-kunye-opel-astra-h-kapak.jpg,kunye/046-kunye-opel-astra-h.txt,Opel Astra H künyesi (A04 kasa · 2004–2010 · Hatchback).
149,kronik-arizalar,kronik-arizalar/047-ariza-fiat-doblo-gen1.mp4,kronik-arizalar/047-ariza-fiat-doblo-gen1-kapak.jpg,kronik-arizalar/047-ariza-fiat-doblo-gen1.txt,Fiat Doblò I (223 kasa · 2000–2010) almadan önce bilmeniz gereken 4 kronik arıza:
150,kunye,kunye/047-kunye-skoda-kodiaq-mk2.mp4,kunye/047-kunye-skoda-kodiaq-mk2-kapak.jpg,kunye/047-kunye-skoda-kodiaq-mk2.txt,Škoda Kodiaq 2. Nesil künyesi (2024’ten beri · SUV).
151,kronik-arizalar,kronik-arizalar/048-ariza-volkswagen-golf-mk6.mp4,kronik-arizalar/048-ariza-volkswagen-golf-mk6-kapak.jpg,kronik-arizalar/048-ariza-volkswagen-golf-mk6.txt,Volkswagen Golf Mk6 (5K kasa · 2008–2012) almadan önce bilmeniz gereken 4 kronik arıza:
152,kunye,kunye/048-kunye-mercedes-benz-c-serisi-w205.mp4,kunye/048-kunye-mercedes-benz-c-serisi-w205-kapak.jpg,kunye/048-kunye-mercedes-benz-c-serisi-w205.txt,Mercedes-Benz C-Serisi W205 künyesi (W205 kasa · 2014–2021 · Sedan).
153,kronik-arizalar,kronik-arizalar/049-ariza-toyota-corolla-e140.mp4,kronik-arizalar/049-ariza-toyota-corolla-e140-kapak.jpg,kronik-arizalar/049-ariza-toyota-corolla-e140.txt,Toyota Corolla E140 (E140/E150 kasa · 2007–2013) almadan önce bilmeniz gereken 4 kronik arıza:
154,kunye,kunye/049-kunye-kia-sportage-nq5.mp4,kunye/049-kunye-kia-sportage-nq5-kapak.jpg,kunye/049-kunye-kia-sportage-nq5.txt,Kia Sportage Mk5 künyesi (NQ5 kasa · 2021’den beri · SUV).
155,kronik-arizalar,kronik-arizalar/050-ariza-peugeot-2008-a94.mp4,kronik-arizalar/050-ariza-peugeot-2008-a94-kapak.jpg,kronik-arizalar/050-ariza-peugeot-2008-a94.txt,Peugeot 2008 Mk1 (A94 kasa · 2013–2019) almadan önce bilmeniz gereken 4 kronik arıza:
156,kunye,kunye/050-kunye-nissan-qashqai-j12.mp4,kunye/050-kunye-nissan-qashqai-j12-kapak.jpg,kunye/050-kunye-nissan-qashqai-j12.txt,Nissan Qashqai J12 künyesi (J12 kasa · 2021’den beri · SUV).
157,kronik-arizalar,kronik-arizalar/051-ariza-ford-focus-mk2.mp4,kronik-arizalar/051-ariza-ford-focus-mk2-kapak.jpg,kronik-arizalar/051-ariza-ford-focus-mk2.txt,Ford Focus 2. nesil (C307 kasa · 2004–2011) almadan önce bilmeniz gereken 4 kronik arıza:
158,kunye,kunye/051-kunye-bmw-3-serisi-e36.mp4,kunye/051-kunye-bmw-3-serisi-e36-kapak.jpg,kunye/051-kunye-bmw-3-serisi-e36.txt,BMW 3 Serisi E36 künyesi (E36 kasa · 1991–1998 · Sedan).
159,kronik-arizalar,kronik-arizalar/052-ariza-hyundai-i20-gb.mp4,kronik-arizalar/052-ariza-hyundai-i20-gb-kapak.jpg,kronik-arizalar/052-ariza-hyundai-i20-gb.txt,Hyundai i20 Mk2 (GB kasa · 2014–2020) almadan önce bilmeniz gereken 4 kronik arıza:
160,kunye,kunye/052-kunye-kg-mobility-korando-mk1.mp4,kunye/052-kunye-kg-mobility-korando-mk1-kapak.jpg,kunye/052-kunye-kg-mobility-korando-mk1.txt,KG Mobility Korando künyesi (1996’dan beri · SUV).
161,kronik-arizalar,kronik-arizalar/053-ariza-citroen-c3-sx.mp4,kronik-arizalar/053-ariza-citroen-c3-sx-kapak.jpg,kronik-arizalar/053-ariza-citroen-c3-sx.txt,Citroën C3 3. nesil (SX/SY kasa · 2016–2024) almadan önce bilmeniz gereken 4 kronik arıza:
162,kunye,kunye/053-kunye-volvo-xc40-cma.mp4,kunye/053-kunye-volvo-xc40-cma-kapak.jpg,kunye/053-kunye-volvo-xc40-cma.txt,Volvo XC40 künyesi (536 kasa · 2017’den beri · SUV).
163,kronik-arizalar,kronik-arizalar/054-ariza-opel-astra-l.mp4,kronik-arizalar/054-ariza-opel-astra-l-kapak.jpg,kronik-arizalar/054-ariza-opel-astra-l.txt,Opel Astra L (C02 kasa · 2021’den beri) almadan önce bilmeniz gereken 4 kronik arıza:
164,kunye,kunye/054-kunye-audi-a6-c6.mp4,kunye/054-kunye-audi-a6-c6-kapak.jpg,kunye/054-kunye-audi-a6-c6.txt,Audi A6 C6 künyesi (C6 kasa · 2004–2011 · Sedan).
165,kronik-arizalar,kronik-arizalar/055-ariza-skoda-octavia-mk2.mp4,kronik-arizalar/055-ariza-skoda-octavia-mk2-kapak.jpg,kronik-arizalar/055-ariza-skoda-octavia-mk2.txt,Škoda Octavia Mk2 (1Z kasa · 2004–2013) almadan önce bilmeniz gereken 4 kronik arıza:
166,kunye,kunye/055-kunye-dacia-duster-mk1.mp4,kunye/055-kunye-dacia-duster-mk1-kapak.jpg,kunye/055-kunye-dacia-duster-mk1.txt,Dacia Duster Mk1 künyesi (HS kasa · 2010–2017 · SUV).
167,kronik-arizalar,kronik-arizalar/056-ariza-mercedes-benz-c-serisi-w204.mp4,kronik-arizalar/056-ariza-mercedes-benz-c-serisi-w204-kapak.jpg,kronik-arizalar/056-ariza-mercedes-benz-c-serisi-w204.txt,Mercedes-Benz C-Serisi W204 (W204 kasa · 2007–2014) almadan önce bilmeniz gereken 4 kronik arıza:
168,kunye,kunye/056-kunye-byd-dolphin-mk1.mp4,kunye/056-kunye-byd-dolphin-mk1-kapak.jpg,kunye/056-kunye-byd-dolphin-mk1.txt,BYD Dolphin künyesi (EA1/EM2E kasa · 2024’ten beri · Hatchback).
169,kronik-arizalar,kronik-arizalar/057-ariza-kia-sportage-ql.mp4,kronik-arizalar/057-ariza-kia-sportage-ql-kapak.jpg,kronik-arizalar/057-ariza-kia-sportage-ql.txt,Kia Sportage Mk4 (QL kasa · 2015–2021) almadan önce bilmeniz gereken 4 kronik arıza:
170,kunye,kunye/057-kunye-jeep-renegade-bu.mp4,kunye/057-kunye-jeep-renegade-bu-kapak.jpg,kunye/057-kunye-jeep-renegade-bu.txt,Jeep Renegade künyesi (BU kasa · 2014’ten beri · SUV).
171,kronik-arizalar,kronik-arizalar/058-ariza-nissan-qashqai-j10.mp4,kronik-arizalar/058-ariza-nissan-qashqai-j10-kapak.jpg,kronik-arizalar/058-ariza-nissan-qashqai-j10.txt,Nissan Qashqai J10 (J10 kasa · 2007–2013) almadan önce bilmeniz gereken 4 kronik arıza:
172,kunye,kunye/058-kunye-honda-civic-fe.mp4,kunye/058-kunye-honda-civic-fe-kapak.jpg,kunye/058-kunye-honda-civic-fe.txt,Honda Civic 11. nesil künyesi (FE/FL kasa · 2021’den beri · Sedan).
173,kronik-arizalar,kronik-arizalar/059-ariza-bmw-3-serisi-e46.mp4,kronik-arizalar/059-ariza-bmw-3-serisi-e46-kapak.jpg,kronik-arizalar/059-ariza-bmw-3-serisi-e46.txt,BMW 3 Serisi E46 (E46 kasa · 1998–2006) almadan önce bilmeniz gereken 4 kronik arıza:
174,kunye,kunye/059-kunye-tesla-model-3-mk1.mp4,kunye/059-kunye-tesla-model-3-mk1-kapak.jpg,kunye/059-kunye-tesla-model-3-mk1.txt,Tesla Model 3 künyesi (2019–2022 · Sedan).
175,kronik-arizalar,kronik-arizalar/060-ariza-audi-a3-8v.mp4,kronik-arizalar/060-ariza-audi-a3-8v-kapak.jpg,kronik-arizalar/060-ariza-audi-a3-8v.txt,Audi A3 8V (8V kasa · 2012–2020) almadan önce bilmeniz gereken 4 kronik arıza:
176,kunye,kunye/060-kunye-mini-countryman-u25.mp4,kunye/060-kunye-mini-countryman-u25-kapak.jpg,kunye/060-kunye-mini-countryman-u25.txt,Mini Countryman U25 künyesi (U25 kasa · 2023’ten beri · SUV).
